KEN00012;2013-04-05;00:00;;pH;pH-POT-insitu;;7.81;---;Fair
KEN00012;2013-05-04;00:00;;TEMP;0;;20.2;°C;Fair
KEN00012;2013-05-04;00:00;;EC;EC-CND-FLD;;168.0;µS/cm;Fair
KEN00012;2015-01-30;00:00;;O2-Dis;O2-ISE;;7.01;mg/l;Fair
KEN00012;2013-04-05;00:00;;TDS;TDS-G-105;;84.0;mg/l;Fair
KEN00012;2013-05-04;00:00;;TURB;NEPH;;24.0;NTU;Fair
KEN00012;2013-05-04;00:00;;TP;COL-AA-PPS;;0.733;mg/l;Fair
KEN00012;2015-07-01;00:00;;Q-Inst;0;;0.196;m³/s;Fair
KEN00012;2013-05-04;00:00;;TSS;TSS-G;;5.3;mg/l;Fair
KEN00012;2013-07-01;00:00;;EC;EC-CND-FLD;;98.0;µS/cm;Fair
KEN00012;2013-07-01;00:00;;TSS;TSS-G;;462.0;mg/l;Fair
KEN00012;2013-05-04;00:00;;O2-Dis;O2-ISE;;6.83;mg/l;Fair
KEN00012;2013-07-01;00:00;;TEMP;0;;15.23;°C;Fair
KEN00012;2015-07-01;00:00;;TP;COL-AA-PPS;;0.303;mg/l;Fair
KEN00012;2015-07-01;00:00;;TN;COL-AZO-Cd-PS;;2.182;mg/l;Fair
KEN00013;2013-02-05;00:00;;TDS;TDS-G-105;;44.0;mg/l;Fair
KEN00013;2015-01-29;00:00;;TP;COL-AA-PPS;;0.43;mg/l;Fair
KEN00013;2015-01-29;00:00;;TN;COL-AZO-Cd-PS;;2.236;mg/l;Fair
KEN00013;2015-01-29;00:00;;pH;pH-POT-insitu;;7.98;---;Fair
KEN00013;2015-01-29;00:00;;TDS;TDS-G-105;;63.0;mg/l;Fair
KEN00013;2013-02-05;00:00;;pH;pH-POT-insitu;;7.98;---;Fair
KEN00013;2015-01-29;00:00;;O2-Dis;O2-ISE;;8.2;mg/l;Fair
KEN00013;2015-01-29;00:00;;TURB;NEPH;;42.4;NTU;Fair
KEN00013;2013-05-02;00:00;;EC;EC-CND-FLD;;87.3;µS/cm;Fair
KEN00013;2013-05-02;00:00;;TEMP;0;;21.8;°C;Fair
KEN00013;2013-05-02;00:00;;TSS;TSS-G;;16.0;mg/l;Fair
KEN00013;2013-05-02;00:00;;TURB;NEPH;;721.0;NTU;Fair
KEN00013;2015-01-29;00:00;;TEMP;0;;21.24;°C;Fair
KEN00013;2015-01-29;00:00;;TSS;TSS-G;;398.0;mg/l;Fair
KEN00013;2015-01-29;00:00;;EC;EC-CND-FLD;;126.0;µS/cm;Fair
KEN00013;2013-05-02;00:00;;TP;COL-AA-PPS;;1.378;mg/l;Fair
KEN00013;2013-05-02;00:00;;O2-Dis;O2-ISE;;7.31;mg/l;Fair
KEN00014;2013-02-05;00:00;;TDS;TDS-G-105;;68.0;mg/l;Fair
KEN00014;2015-01-29;00:00;;TURB;NEPH;;82.3;NTU;Fair
KEN00014;2015-01-29;00:00;;TSS;TSS-G;;984.0;mg/l;Fair
KEN00014;2015-01-29;00:00;;TP;COL-AA-PPS;;0.447;mg/l;Fair
KEN00014;2013-05-02;00:00;;TEMP;0;;21.9;°C;Fair
KEN00014;2015-01-29;00:00;;TN;COL-AZO-Cd-PS;;0.827;mg/l;Fair
KEN00014;2013-05-02;00:00;;EC;EC-CND-FLD;;136.6;µS/cm;Fair
KEN00014;2013-05-04;00:00;;TSS;TSS-G;;40.3;mg/l;Fair
KEN00014;2013-02-05;00:00;;pH;pH-POT-insitu;;7.75;---;Fair
KEN00014;2015-01-29;00:00;;Q-Inst;0;;0.365;m³/s;Fair
KEN00014;2015-01-29;00:00;;TDS;TDS-G-105;;78.0;mg/l;Fair
KEN00014;2015-01-29;00:00;;EC;EC-CND-FLD;;158.0;µS/cm;Fair
KEN00014;2015-01-29;00:00;;O2-Dis;O2-ISE;;4.47;mg/l;Fair
KEN00014;2013-05-02;00:00;;TURB;NEPH;;1438.0;NTU;Fair
KEN00014;2015-01-29;00:00;;TEMP;0;;19.77;°C;Fair
KEN00014;2015-01-29;00:00;;pH;pH-POT-insitu;;7.96;---;Fair
KEN00014;2013-05-02;00:00;;TP;COL-AA-PPS;;3.226;mg/l;Fair
KEN00014;2013-05-02;00:00;;O2-Dis;O2-ISE;;6.58;mg/l;Fair
KEN00015;2015-01-29;00:00;;TP;COL-AA-PPS;;0.52;mg/l;Fair
KEN00015;2013-05-02;00:00;;TEMP;0;;20.0;°C;Fair
KEN00015;2013-05-02;00:00;;TP;COL-AA-PPS;;0.226;mg/l;Fair
KEN00015;2015-01-28;00:00;;EC;EC-CND-FLD;;90.0;µS/cm;Fair
KEN00015;2013-02-05;00:00;;TDS;TDS-G-105;;36.0;mg/l;Fair
KEN00015;2015-01-29;00:00;;Q-Inst;0;;3.2;m³/s;Fair
KEN00015;2015-01-29;00:00;;TN;COL-AZO-Cd-PS;;2.813;mg/l;Fair
KEN00015;2015-01-29;00:00;;pH;pH-POT-insitu;;7.6;---;Fair
KEN00015;2015-01-29;00:00;;TSS;TSS-G;;87.0;mg/l;Fair
KEN00015;2015-01-29;00:00;;TURB;NEPH;;35.1;NTU;Fair
KEN00015;2013-05-02;00:00;;TURB;NEPH;;120.0;NTU;Fair
KEN00015;2013-05-02;00:00;;EC;EC-CND-FLD;;73.2;µS/cm;Fair
KEN00015;2013-02-05;00:00;;pH;pH-POT-insitu;;6.87;---;Fair
KEN00015;2015-01-29;00:00;;O2-Dis;O2-ISE;;8.4;mg/l;Fair
KEN00015;2015-01-29;00:00;;TDS;TDS-G-105;;44.0;mg/l;Fair
KEN00015;2013-05-02;00:00;;TSS;TSS-G;;26.3;mg/l;Fair
KEN00015;2015-01-29;00:00;;TEMP;0;;19.8;°C;Fair
KEN00015;2013-05-02;00:00;;O2-Dis;O2-ISE;;7.12;mg/l;Fair
KEN00016;2015-01-28;00:00;;TP;COL-AA-PPS;;0.662;mg/l;Fair
KEN00016;2015-01-28;00:00;;TDS;TDS-G-105;;63.0;mg/l;Fair
KEN00016;2015-01-28;00:00;;TN;COL-AZO-Cd-PS;;1.167;mg/l;Fair
KEN00016;2015-01-28;00:00;;pH;pH-POT-insitu;;7.68;---;Fair
KEN00016;2013-05-01;00:00;;TEMP;0;;22.7;°C;Fair
KEN00016;2013-05-01;00:00;;TURB;NEPH;;940.0;NTU;Fair
KEN00016;2013-01-05;00:00;;O2-Dis;O2-ISE;;8.2;mg/l;Fair
KEN00016;2015-01-28;00:00;;EC;EC-CND-FLD;;126.0;µS/cm;Fair
KEN00016;2015-01-28;00:00;;TURB;NEPH;;17.19;NTU;Fair
KEN00016;2013-05-01;00:00;;TDS;TDS-G-105;;63.0;mg/l;Fair
KEN00016;2015-01-28;00:00;;TSS;TSS-G;;195.0;mg/l;Fair
KEN00016;2013-05-01;00:00;;EC;EC-CND-FLD;;126.0;µS/cm;Fair
KEN00016;2013-05-01;00:00;;TSS;TSS-G;;11.5;mg/l;Fair
KEN00016;2013-05-01;00:00;;TP;COL-AA-PPS;;0.933;mg/l;Fair
KEN00016;2013-01-05;00:00;;pH;pH-POT-insitu;;8.3;---;Fair
KEN00016;2015-01-28;00:00;;O2-Dis;O2-ISE;;5.14;mg/l;Fair
KEN00016;2015-01-28;00:00;;TEMP;0;;24.8;°C;Fair
KEN00016;2015-01-28;00:00;;Q-Inst;0;;14.23;m³/s;Fair
KEN00017;2015-01-30;00:00;;O2-Dis;O2-ISE;;6.38;mg/l;Fair
KEN00017;2015-01-30;00:00;;TURB;NEPH;;65.0;NTU;Fair
KEN00017;2013-05-04;00:00;;EC;EC-CND-FLD;;61.6;µS/cm;Fair
KEN00017;2013-05-04;00:00;;TSS;TSS-G;;14.3;mg/l;Fair
KEN00017;2015-01-30;00:00;;TN;COL-AZO-Cd-PS;;0.853;mg/l;Fair
KEN00017;2015-01-30;00:00;;pH;pH-POT-insitu;;7.17;---;Fair
KEN00017;2015-01-30;00:00;;EC;EC-CND-FLD;;60.0;µS/cm;Fair
KEN00017;2015-01-30;00:00;;TEMP;0;;16.49;°C;Fair
KEN00017;2013-05-04;00:00;;TURB;NEPH;;35.0;NTU;Fair
KEN00017;2013-05-04;00:00;;Q-Inst;0;;54.9;m³/s;Fair
KEN00017;2013-04-05;00:00;;TDS;TDS-G-105;;31.0;mg/l;Fair
KEN00017;2013-04-05;00:00;;pH;pH-POT-insitu;;7.76;---;Fair
KEN00017;2015-01-30;00:00;;Q-Inst;0;;2.54;m³/s;Fair
KEN00017;2015-01-30;00:00;;TSS;TSS-G;;21.0;mg/l;Fair
KEN00017;2015-01-30;00:00;;TDS;TDS-G-105;;30.0;mg/l;Fair
KEN00017;2013-05-04;00:00;;O2-Dis;O2-ISE;;7.76;mg/l;Fair
KEN00017;2013-05-04;00:00;;TEMP;0;;18.8;°C;Fair
KEN00017;2015-01-30;00:00;;TP;COL-AA-PPS;;0.397;mg/l;Fair
KEN00017;2013-05-04;00:00;;TP;COL-AA-PPS;;0.107;mg/l;Fair
KEN00018;2013-05-04;00:00;;O2-Dis;O2-ISE;;7.62;mg/l;Fair
KEN00018;2013-05-04;00:00;;EC;EC-CND-FLD;;129.5;µS/cm;Fair
KEN00018;2013-05-04;00:00;;TEMP;0;;18.3;°C;Fair
KEN00018;2013-05-04;00:00;;TP;COL-AA-PPS;;0.107;mg/l;Fair
KEN00018;2015-01-30;00:00;;O2-Dis;O2-ISE;;6.4;mg/l;Fair
KEN00018;2013-07-01;00:00;;TEMP;0;;16.78;°C;Fair
KEN00018;2013-05-04;00:00;;TURB;NEPH;;44.0;NTU;Fair
KEN00018;2013-05-04;00:00;;Q-Inst;0;;50.3;m³/s;Fair
KEN00018;2015-01-30;00:00;;TN;COL-AZO-Cd-PS;;1.542;mg/l;Fair
KEN00018;2013-04-05;00:00;;TDS;TDS-G-105;;65.0;mg/l;Fair
KEN00018;2015-01-30;00:00;;TP;COL-AA-PPS;;0.322;mg/l;Fair
KEN00018;2015-01-30;00:00;;Q-Inst;0;;1.06;m³/s;Fair
KEN00018;2013-07-01;00:00;;TSS;TSS-G;;404.0;mg/l;Fair
KEN00018;2013-05-05;00:00;;TSS;TSS-G;;14.7;mg/l;Fair
KEN00018;2013-04-05;00:00;;pH;pH-POT-insitu;;6.9;---;Fair
KEN00018;2013-07-01;00:00;;EC;EC-CND-FLD;;149.0;µS/cm;Fair
KEN00020;2013-05-05;00:00;;Q-Inst;0;;1.294;m³/s;Fair
KEN00020;2013-05-05;00:00;;EC;EC-CND-FLD;;212.0;µS/cm;Fair
KEN00020;2013-05-05;00:00;;TSS;TSS-G;;14.3;mg/l;Fair
KEN00020;2015-01-30;00:00;;TEMP;0;;23.2;°C;Fair
KEN00020;2015-01-30;00:00;;pH;pH-POT-insitu;;8.6;---;Fair
KEN00020;2013-05-05;00:00;;O2-Dis;O2-ISE;;7.42;mg/l;Fair
KEN00020;2013-05-05;00:00;;TURB;NEPH;;25.0;NTU;Fair
KEN00020;2015-01-30;00:00;;Q-Inst;0;;1.612;m³/s;Fair
KEN00020;2013-05-05;00:00;;pH;pH-POT-insitu;;7.63;---;Fair
KEN00020;2013-05-05;00:00;;TEMP;0;;19.7;°C;Fair
KEN00020;2015-01-30;00:00;;TURB;NEPH;;209.0;NTU;Fair
KEN00020;2015-01-30;00:00;;TP;COL-AA-PPS;;0.452;mg/l;Fair
KEN00020;2013-05-05;00:00;;TP;COL-AA-PPS;;0.815;mg/l;Fair
KEN00020;2015-01-30;00:00;;TDS;TDS-G-105;;154.0;mg/l;Fair
KEN00020;2015-01-30;00:00;;EC;EC-CND-FLD;;308.0;µS/cm;Fair
KEN00020;2013-05-05;00:00;;TDS;TDS-G-105;;106.0;mg/l;Fair
KEN00020;2015-01-30;00:00;;TSS;TSS-G;;231.0;mg/l;Fair
KEN00020;2015-01-30;00:00;;O2-Dis;O2-ISE;;8.36;mg/l;Fair
KEN00020;2015-01-30;00:00;;TN;COL-AZO-Cd-PS;;1.524;mg/l;Fair
KEN00021;2015-01-30;00:00;;TSS;TSS-G;;262.0;mg/l;Fair
KEN00021;2015-01-30;00:00;;TEMP;0;;22.31;°C;Fair
KEN00021;2015-01-30;00:00;;TN;COL-AZO-Cd-PS;;2.182;mg/l;Fair
KEN00021;2013-05-05;00:00;;TP;COL-AA-PPS;;1.015;mg/l;Fair
KEN00021;2015-01-30;00:00;;TDS;TDS-G-105;;127.0;mg/l;Fair
KEN00021;2013-05-05;00:00;;TDS;TDS-G-105;;66.0;mg/l;Fair
KEN00021;2013-05-05;00:00;;TURB;NEPH;;30.0;NTU;Fair
KEN00021;2013-05-05;00:00;;TEMP;0;;20.8;°C;Fair
KEN00021;2013-05-05;00:00;;O2-Dis;O2-ISE;;7.49;mg/l;Fair
KEN00021;2013-05-05;00:00;;Q-Inst;0;;1.386;m³/s;Fair
KEN00021;2015-01-30;00:00;;TURB;NEPH;;259.0;NTU;Fair
KEN00021;2015-01-30;00:00;;EC;EC-CND-FLD;;255.0;µS/cm;Fair
KEN00021;2015-01-30;00:00;;TP;COL-AA-PPS;;0.377;mg/l;Fair
KEN00021;2013-05-05;00:00;;pH;pH-POT-insitu;;7.45;---;Fair
KEN00021;2013-05-05;00:00;;TSS;TSS-G;;5.0;mg/l;Fair
KEN00021;2013-05-05;00:00;;EC;EC-CND-FLD;;132.6;µS/cm;Fair
KEN00021;2015-01-30;00:00;;O2-Dis;O2-ISE;;7.71;mg/l;Fair
KEN00021;2015-01-30;00:00;;pH;pH-POT-insitu;;7.97;---;Fair
KEN00022;2013-06-05;00:00;;TDS;TDS-G-105;;64.0;mg/l;Fair
KEN00022;2015-01-30;00:00;;TN;COL-AZO-Cd-PS;;2.541;mg/l;Fair
KEN00022;2015-01-30;00:00;;pH;pH-POT-insitu;;7.51;---;Fair
KEN00022;2015-01-30;00:00;;EC;EC-CND-FLD;;101.0;µS/cm;Fair
KEN00022;2015-01-30;00:00;;TSS;TSS-G;;106.0;mg/l;Fair
KEN00022;2015-01-30;00:00;;TDS;TDS-G-105;;50.0;mg/l;Fair
KEN00022;2013-05-06;00:00;;TP;COL-AA-PPS;;0.485;mg/l;Fair
KEN00022;2013-05-06;00:00;;TSS;TSS-G;;39.4;mg/l;Fair
KEN00022;2015-01-30;00:00;;TP;COL-AA-PPS;;0.357;mg/l;Fair
KEN00022;2015-01-30;00:00;;O2-Dis;O2-ISE;;8.14;mg/l;Fair
KEN00022;2015-01-30;00:00;;TEMP;0;;12.39;°C;Fair
KEN00022;2013-05-06;00:00;;O2-Dis;O2-ISE;;7.84;mg/l;Fair
KEN00022;2013-05-06;00:00;;EC;EC-CND-FLD;;127.0;µS/cm;Fair
KEN00022;2013-05-06;00:00;;TEMP;0;;16.6;°C;Fair
KEN00022;2013-05-06;00:00;;TURB;NEPH;;101.0;NTU;Fair
KEN00022;2013-06-05;00:00;;pH;pH-POT-insitu;;7.71;---;Fair
KEN00022;2015-01-30;00:00;;Q-Inst;0;;0.065;m³/s;Fair
KEN00022;2015-01-30;00:00;;TURB;NEPH;;293.0;NTU;Fair
KEN00022;2013-05-06;00:00;;Q-Inst;0;;1.55;m³/s;Fair
KEN00023;2015-01-30;00:00;;TURB;NEPH;;216.0;NTU;Fair
KEN00023;2013-05-06;00:00;;TEMP;0;;18.6;°C;Fair
KEN00023;2015-01-30;00:00;;O2-Dis;O2-ISE;;8.26;mg/l;Fair
KEN00023;2015-01-30;00:00;;EC;EC-CND-FLD;;248.0;µS/cm;Fair
KEN00023;2015-01-30;00:00;;TEMP;0;;21.61;°C;Fair
KEN00023;2015-01-30;00:00;;TDS;TDS-G-105;;124.0;mg/l;Fair
KEN00023;2013-05-06;00:00;;TURB;NEPH;;47.0;NTU;Fair
KEN00023;2013-06-05;00:00;;TDS;TDS-G-105;;59.0;mg/l;Fair
KEN00023;2015-01-30;00:00;;TP;COL-AA-PPS;;0.289;mg/l;Fair
KEN00023;2015-01-30;00:00;;TSS;TSS-G;;145.8;mg/l;Fair
KEN00023;2013-05-06;00:00;;TSS;TSS-G;;21.0;mg/l;Fair
KEN00023;2013-05-06;00:00;;EC;EC-CND-FLD;;117.0;µS/cm;Fair
KEN00023;2013-05-06;00:00;;TP;COL-AA-PPS;;0.463;mg/l;Fair
KEN00023;2015-01-30;00:00;;TN;COL-AZO-Cd-PS;;0.527;mg/l;Fair
KEN00023;2015-01-30;00:00;;pH;pH-POT-insitu;;7.94;---;Fair
KEN00023;2013-05-06;00:00;;Q-Inst;0;;0.1547;m³/s;Fair
KEN00023;2013-06-05;00:00;;pH;pH-POT-insitu;;7.16;---;Fair
KEN00023;2013-05-06;00:00;;O2-Dis;O2-ISE;;7.45;mg/l;Fair
KEN00024;2013-06-05;00:00;;TDS;TDS-G-105;;61.0;mg/l;Fair
KEN00024;2015-01-30;00:00;;EC;EC-CND-FLD;;235.0;µS/cm;Fair
KEN00024;2015-01-30;00:00;;TP;COL-AA-PPS;;0.191;mg/l;Fair
KEN00024;2013-06-05;00:00;;pH;pH-POT-insitu;;7.27;---;Fair
KEN00024;2015-01-30;00:00;;TDS;TDS-G-105;;117.0;mg/l;Fair
KEN00024;2015-01-30;00:00;;TSS;TSS-G;;89.0;mg/l;Fair
KEN00024;2015-01-30;00:00;;O2-Dis;O2-ISE;;7.02;mg/l;Fair
KEN00024;2013-05-06;00:00;;TSS;TSS-G;;11.5;mg/l;Fair
KEN00024;2013-05-06;00:00;;TP;COL-AA-PPS;;0.293;mg/l;Fair
KEN00024;2013-05-06;00:00;;EC;EC-CND-FLD;;120.9;µS/cm;Fair
KEN00024;2013-05-06;00:00;;O2-Dis;O2-ISE;;6.81;mg/l;Fair
KEN00024;2013-05-06;00:00;;Q-Inst;0;;4.02;m³/s;Fair
KEN00024;2015-01-30;00:00;;TEMP;0;;21.99;°C;Fair
KEN00024;2015-01-30;00:00;;TN;COL-AZO-Cd-PS;;2.861;mg/l;Fair
KEN00024;2015-01-30;00:00;;TURB;NEPH;;110.0;NTU;Fair
KEN00024;2015-01-30;00:00;;pH;pH-POT-insitu;;8.43;---;Fair
KEN00024;2015-01-30;00:00;;Q-Inst;0;;0.0433;m³/s;Fair
KEN00024;2013-05-06;00:00;;TURB;NEPH;;37.0;NTU;Fair
KEN00024;2013-05-06;00:00;;TEMP;0;;19.1;°C;Fair
KEN00025;2013-06-05;00:00;;TDS;TDS-G-105;;47.0;mg/l;Fair
KEN00025;2015-01-30;00:00;;TEMP;0;;15.78;°C;Fair
KEN00025;2015-01-30;00:00;;O2-Dis;O2-ISE;;8.19;mg/l;Fair
KEN00025;2013-05-06;00:00;;O2-Dis;O2-ISE;;6.47;mg/l;Fair
KEN00025;2013-05-06;00:00;;EC;EC-CND-FLD;;95.6;µS/cm;Fair
KEN00025;2013-05-06;00:00;;TSS;TSS-G;;10.0;mg/l;Fair
KEN00025;2015-01-30;00:00;;TDS;TDS-G-105;;76.0;mg/l;Fair
KEN00025;2015-01-30;00:00;;EC;EC-CND-FLD;;152.0;µS/cm;Fair
KEN00025;2013-06-05;00:00;;pH;pH-POT-insitu;;7.5;---;Fair
KEN00025;2015-01-30;00:00;;TURB;NEPH;;192.0;NTU;Fair
KEN00025;2015-01-30;00:00;;pH;pH-POT-insitu;;7.94;---;Fair
KEN00025;2015-01-30;00:00;;TP;COL-AA-PPS;;0.292;mg/l;Fair
KEN00025;2015-01-30;00:00;;TN;COL-AZO-Cd-PS;;3.267;mg/l;Fair
KEN00025;2013-05-06;00:00;;TURB;NEPH;;50.0;NTU;Fair
KEN00025;2015-01-30;00:00;;TSS;TSS-G;;101.5;mg/l;Fair
KEN00025;2013-05-06;00:00;;Q-Inst;0;;0.0692;m³/s;Fair
KEN00025;2013-05-06;00:00;;TP;COL-AA-PPS;;0.419;mg/l;Fair
KEN00025;2013-05-06;00:00;;TEMP;0;;17.9;°C;Fair
KEN00026;2013-06-05;00:00;;pH;pH-POT-insitu;;7.3;---;Fair
KEN00026;2015-01-30;00:00;;TDS;TDS-G-105;;51.0;mg/l;Fair
KEN00026;2015-01-30;00:00;;TSS;TSS-G;;101.0;mg/l;Fair
KEN00026;2015-01-30;00:00;;EC;EC-CND-FLD;;106.0;µS/cm;Fair
KEN00026;2015-01-30;00:00;;pH;pH-POT-insitu;;7.47;---;Fair
KEN00026;2015-01-30;00:00;;TP;COL-AA-PPS;;0.274;mg/l;Fair
KEN00026;2013-05-06;00:00;;TEMP;0;;17.95;°C;Fair
KEN00026;2015-01-30;00:00;;TURB;NEPH;;191.0;NTU;Fair
KEN00026;2015-01-30;00:00;;TEMP;0;;12.43;°C;Fair
KEN00026;2015-01-30;00:00;;TN;COL-AZO-Cd-PS;;3.037;mg/l;Fair
KEN00026;2013-05-06;00:00;;O2-Dis;O2-ISE;;6.74;mg/l;Fair
KEN00026;2013-05-06;00:00;;EC;EC-CND-FLD;;12.5;µS/cm;Fair
KEN00026;2013-05-06;00:00;;TURB;NEPH;;69.0;NTU;Fair
KEN00026;2015-01-30;00:00;;O2-Dis;O2-ISE;;8.1;mg/l;Fair
KEN00026;2013-05-06;00:00;;TP;COL-AA-PPS;;0.367;mg/l;Fair
KEN00026;2013-05-06;00:00;;TSS;TSS-G;;10.0;mg/l;Fair
KEN00026;2013-05-06;00:00;;Q-Inst;0;;17.5;m³/s;Fair
KEN00026;2013-06-05;00:00;;TDS;TDS-G-105;;51.0;mg/l;Fair
KEN00027;2015-01-30;00:00;;TP;COL-AA-PPS;;0.384;mg/l;Fair
KEN00027;2015-01-30;00:00;;O2-Dis;O2-ISE;;6.96;mg/l;Fair
KEN00027;2015-01-30;00:00;;EC;EC-CND-FLD;;363.0;µS/cm;Fair
KEN00027;2015-01-30;00:00;;TSS;TSS-G;;510.0;mg/l;Fair
KEN00027;2013-05-09;00:00;;TSS;TSS-G;;50.5;mg/l;Fair
KEN00027;2013-05-09;00:00;;O2-Dis;O2-ISE;;7.33;mg/l;Fair
KEN00027;2013-05-09;00:00;;TURB;NEPH;;62.0;NTU;Fair
KEN00027;2015-01-30;00:00;;Q-Inst;0;;3.62;m³/s;Fair
KEN00027;2015-01-30;00:00;;TURB;NEPH;;1100.0;NTU;Fair
KEN00027;2013-09-05;00:00;;pH;pH-POT-insitu;;8.33;---;Fair
KEN00027;2015-01-30;00:00;;TEMP;0;;26.24;°C;Fair
KEN00027;2015-01-30;00:00;;pH;pH-POT-insitu;;8.21;---;Fair
KEN00027;2015-01-30;00:00;;TN;COL-AZO-Cd-PS;;2.742;mg/l;Fair
KEN00027;2013-05-09;00:00;;EC;EC-CND-FLD;;191.0;µS/cm;Fair
KEN00027;2013-05-09;00:00;;TEMP;0;;23.3;°C;Fair
KEN00027;2013-05-09;00:00;;TP;COL-AA-PPS;;2.052;mg/l;Fair
KEN00027;2013-09-05;00:00;;TDS;TDS-G-105;;96.0;mg/l;Fair
KEN00027;2015-01-30;00:00;;TDS;TDS-G-105;;181.0;mg/l;Fair
KEN00028;2013-05-05;00:00;;TEMP;0;;21.0;°C;Fair
KEN00028;2013-05-05;00:00;;pH;pH-POT-insitu;;7.53;---;Fair
KEN00028;2015-01-30;00:00;;TN;COL-AZO-Cd-PS;;1.755;mg/l;Fair
KEN00028;2013-05-05;00:00;;TURB;NEPH;;26.0;NTU;Fair
KEN00028;2015-01-30;00:00;;TSS;TSS-G;;391.0;mg/l;Fair
KEN00028;2015-01-30;00:00;;TP;COL-AA-PPS;;0.421;mg/l;Fair
KEN00028;2015-01-30;00:00;;pH;pH-POT-insitu;;8.0;---;Fair
KEN00028;2015-01-30;00:00;;TURB;NEPH;;508.0;NTU;Fair
KEN00028;2013-05-05;00:00;;TSS;TSS-G;;6.8;mg/l;Fair
KEN00028;2015-01-30;00:00;;O2-Dis;O2-ISE;;4.71;mg/l;Fair
KEN00028;2015-01-30;00:00;;EC;EC-CND-FLD;;370.0;µS/cm;Fair
KEN00028;2015-01-30;00:00;;TEMP;0;;26.71;°C;Fair
KEN00028;2013-05-05;00:00;;TP;COL-AA-PPS;;1.519;mg/l;Fair
KEN00028;2013-05-05;00:00;;TDS;TDS-G-105;;76.0;mg/l;Fair
KEN00028;2013-05-05;00:00;;EC;EC-CND-FLD;;151.0;µS/cm;Fair
KEN00028;2013-05-05;00:00;;O2-Dis;O2-ISE;;7.73;mg/l;Fair
KEN00028;2015-01-30;00:00;;TDS;TDS-G-105;;185.0;mg/l;Fair
KEN00029;2013-09-05;00:00;;TDS;TDS-G-105;;37.0;mg/l;Fair
KEN00029;2015-01-30;00:00;;TP;COL-AA-PPS;;0.246;mg/l;Fair
KEN00029;2015-01-30;00:00;;EC;EC-CND-FLD;;194.0;µS/cm;Fair
KEN00029;2015-01-30;00:00;;Q-Inst;0;;0.3357;m³/s;Fair
KEN00029;2013-05-09;00:00;;EC;EC-CND-FLD;;74.6;µS/cm;Fair
KEN00029;2015-01-30;00:00;;TN;COL-AZO-Cd-PS;;2.168;mg/l;Fair
KEN00029;2015-01-30;00:00;;O2-Dis;O2-ISE;;4.14;mg/l;Fair
KEN00029;2015-01-30;00:00;;TSS;TSS-G;;194.0;mg/l;Fair
KEN00029;2013-05-09;00:00;;TURB;NEPH;;59.0;NTU;Fair
KEN00029;2013-05-09;00:00;;TSS;TSS-G;;74.6;mg/l;Fair
KEN00029;2013-05-09;00:00;;O2-Dis;O2-ISE;;6.86;mg/l;Fair
KEN00029;2015-01-30;00:00;;TEMP;0;;27.74;°C;Fair
KEN00029;2013-05-09;00:00;;TEMP;0;;22.6;°C;Fair
KEN00029;2013-05-09;00:00;;TP;COL-AA-PPS;;1.229;mg/l;Fair
KEN00029;2013-09-05;00:00;;pH;pH-POT-insitu;;7.67;---;Fair
KEN00029;2015-01-30;00:00;;pH;pH-POT-insitu;;7.58;---;Fair
KEN00029;2015-01-30;00:00;;TURB;NEPH;;489.0;NTU;Fair
KEN00029;2015-01-30;00:00;;TDS;TDS-G-105;;97.0;mg/l;Fair
KEN00030;2015-01-27;00:00;;pH;pH-POT-insitu;;8.16;---;Fair
KEN00030;2013-04-30;00:00;;TSS;TSS-G;;31.0;mg/l;Fair
KEN00030;2015-01-27;00:00;;TDS;TDS-G-105;;108.0;mg/l;Fair
KEN00030;2013-04-30;00:00;;TP;COL-AA-PPS;;0.626;mg/l;Fair
KEN00030;2013-04-30;00:00;;Q-Inst;0;;1.5;m³/s;Fair
KEN00030;2015-01-27;00:00;;Q-Inst;0;;0.1067;m³/s;Fair
KEN00030;2015-01-27;00:00;;O2-Dis;O2-ISE;;7.0;mg/l;Fair
KEN00030;2015-01-27;00:00;;TEMP;0;;26.0;°C;Fair
KEN00030;2015-01-27;00:00;;TSS;TSS-G;;179.0;mg/l;Fair
KEN00030;2013-04-30;00:00;;EC;EC-CND-FLD;;195.0;µS/cm;Fair
KEN00030;2015-04-30;00:00;;pH;pH-POT-insitu;;8.14;---;Fair
KEN00030;2013-04-30;00:00;;O2-Dis;O2-ISE;;6.13;mg/l;Fair
KEN00030;2013-04-30;00:00;;TURB;NEPH;;260.0;NTU;Fair
KEN00030;2013-04-30;00:00;;TDS;TDS-G-105;;97.0;mg/l;Fair
KEN00030;2015-01-27;00:00;;EC;EC-CND-FLD;;219.0;µS/cm;Fair
KEN00030;2015-01-27;00:00;;TURB;NEPH;;63.9;NTU;Fair
KEN00030;2013-04-30;00:00;;TEMP;0;;27.3;°C;Fair
KEN00031;2013-08-05;00:00;;pH;pH-POT-insitu;;7.8;---;Fair
KEN00031;2015-01-30;00:00;;TEMP;0;;23.53;°C;Fair
KEN00031;2015-01-30;00:00;;Q-Inst;0;;0.879;m³/s;Fair
KEN00031;2013-05-08;00:00;;TP;COL-AA-PPS;;1.141;mg/l;Fair
KEN00031;2015-01-30;00:00;;pH;pH-POT-insitu;;7.93;---;Fair
KEN00031;2015-01-30;00:00;;O2-Dis;O2-ISE;;7.42;mg/l;Fair
KEN00031;2015-01-30;00:00;;TSS;TSS-G;;551.0;mg/l;Fair
KEN00031;2013-05-08;00:00;;TURB;NEPH;;40.0;NTU;Fair
KEN00031;2015-01-30;00:00;;TP;COL-AA-PPS;;0.075;mg/l;Fair
KEN00031;2015-01-30;00:00;;TN;COL-AZO-Cd-PS;;2.547;mg/l;Fair
KEN00031;2015-01-30;00:00;;TDS;TDS-G-105;;57.0;mg/l;Fair
KEN00031;2015-01-30;00:00;;TURB;NEPH;;879.0;NTU;Fair
KEN00031;2013-05-08;00:00;;O2-Dis;O2-ISE;;6.4;mg/l;Fair
KEN00031;2013-08-05;00:00;;TDS;TDS-G-105;;45.0;mg/l;Fair
KEN00031;2015-01-30;00:00;;EC;EC-CND-FLD;;114.0;µS/cm;Fair
KEN00031;2013-05-08;00:00;;TSS;TSS-G;;16.3;mg/l;Fair
KEN00031;2013-05-08;00:00;;TEMP;0;;22.7;°C;Fair
KEN00031;2013-05-08;00:00;;EC;EC-CND-FLD;;89.6;µS/cm;Fair
KEN00032;2015-01-30;00:00;;EC;EC-CND-FLD;;123.0;µS/cm;Fair
KEN00032;2015-01-30;00:00;;TP;COL-AA-PPS;;0.18;mg/l;Fair
KEN00032;2013-05-08;00:00;;TURB;NEPH;;94.0;NTU;Fair
KEN00032;2013-05-08;00:00;;O2-Dis;O2-ISE;;6.75;mg/l;Fair
KEN00032;2015-01-30;00:00;;TSS;TSS-G;;492.0;mg/l;Fair
KEN00032;2015-01-30;00:00;;TEMP;0;;23.71;°C;Fair
KEN00032;2015-01-30;00:00;;O2-Dis;O2-ISE;;6.73;mg/l;Fair
KEN00032;2013-05-08;00:00;;Q-Inst;0;;43.9;m³/s;Fair
KEN00032;2013-08-05;00:00;;TDS;TDS-G-105;;61.0;mg/l;Fair
KEN00032;2015-01-30;00:00;;pH;pH-POT-insitu;;8.0;---;Fair
KEN00032;2013-05-08;00:00;;TSS;TSS-G;;28.0;mg/l;Fair
KEN00032;2013-05-08;00:00;;TEMP;0;;22.5;°C;Fair
KEN00032;2013-05-08;00:00;;TP;COL-AA-PPS;;1.222;mg/l;Fair
KEN00032;2015-01-30;00:00;;TURB;NEPH;;1000.0;NTU;Fair
KEN00032;2015-01-30;00:00;;Q-Inst;0;;0.584;m³/s;Fair
KEN00032;2013-08-05;00:00;;pH;pH-POT-insitu;;7.36;---;Fair
KEN00032;2015-01-30;00:00;;TDS;TDS-G-105;;61.0;mg/l;Fair
KEN00032;2015-01-30;00:00;;TN;COL-AZO-Cd-PS;;1.508;mg/l;Fair
KEN00032;2013-05-08;00:00;;EC;EC-CND-FLD;;121.5;µS/cm;Fair
KEN00033;2015-01-30;00:00;;EC;EC-CND-FLD;;48.0;µS/cm;Fair
KEN00033;2015-01-30;00:00;;O2-Dis;O2-ISE;;10.53;mg/l;Fair
KEN00033;2013-05-07;00:00;;TSS;TSS-G;;7.8;mg/l;Fair
KEN00033;2015-01-30;00:00;;TURB;NEPH;;22.0;NTU;Fair
KEN00033;2015-01-30;00:00;;TSS;TSS-G;;4.4;mg/l;Fair
KEN00033;2015-01-30;00:00;;pH;pH-POT-insitu;;6.96;---;Fair
KEN00033;2013-05-06;00:00;;TP;COL-AA-PPS;;0.033;mg/l;Fair
KEN00033;2013-05-06;00:00;;TURB;NEPH;;30.0;NTU;Fair
KEN00033;2013-06-05;00:00;;TDS;TDS-G-105;;25.0;mg/l;Fair
KEN00033;2015-01-30;00:00;;Q-Inst;0;;0.4957;m³/s;Fair
KEN00033;2015-01-30;00:00;;TN;COL-AZO-Cd-PS;;1.873;mg/l;Fair
KEN00033;2013-06-05;00:00;;pH;pH-POT-insitu;;7.45;---;Fair
KEN00033;2015-01-30;00:00;;TEMP;0;;17.09;°C;Fair
KEN00033;2015-01-30;00:00;;TP;COL-AA-PPS;;0.066;mg/l;Fair
KEN00033;2013-05-06;00:00;;EC;EC-CND-FLD;;49.0;µS/cm;Fair
KEN00033;2013-05-06;00:00;;O2-Dis;O2-ISE;;6.38;mg/l;Fair
KEN00033;2015-01-30;00:00;;TDS;TDS-G-105;;24.0;mg/l;Fair
KEN00033;2013-05-06;00:00;;TEMP;0;;17.1;°C;Fair
KEN00034;2015-01-30;00:00;;TURB;NEPH;;70.0;NTU;Fair
KEN00034;2015-01-30;00:00;;pH;pH-POT-insitu;;7.4;---;Fair
KEN00034;2015-01-30;00:00;;Q-Inst;0;;4.708;m³/s;Fair
KEN00034;2015-01-30;00:00;;TEMP;0;;19.41;°C;Fair
KEN00034;2015-01-30;00:00;;EC;EC-CND-FLD;;44.0;µS/cm;Fair
KEN00034;2015-01-30;00:00;;TP;COL-AA-PPS;;0.116;mg/l;Fair
KEN00034;2013-05-07;00:00;;TP;COL-AA-PPS;;0.1;mg/l;Fair
KEN00034;2013-05-07;00:00;;EC;EC-CND-FLD;;36.5;µS/cm;Fair
KEN00034;2013-05-07;00:00;;TEMP;0;;17.4;°C;Fair
KEN00034;2013-05-07;00:00;;TSS;TSS-G;;13.0;mg/l;Fair
KEN00034;2013-07-05;00:00;;TDS;TDS-G-105;;18.0;mg/l;Fair
KEN00034;2015-01-30;00:00;;TDS;TDS-G-105;;22.0;mg/l;Fair
KEN00034;2015-01-30;00:00;;TSS;TSS-G;;31.0;mg/l;Fair
KEN00034;2015-01-30;00:00;;O2-Dis;O2-ISE;;8.68;mg/l;Fair
KEN00034;2015-01-30;00:00;;TN;COL-AZO-Cd-PS;;2.897;mg/l;Fair
KEN00034;2013-07-05;00:00;;pH;pH-POT-insitu;;7.73;---;Fair
KEN00034;2013-05-07;00:00;;O2-Dis;O2-ISE;;8.28;mg/l;Fair
KEN00034;2013-05-07;00:00;;TURB;NEPH;;21.0;NTU;Fair
KEN00035;2015-01-30;00:00;;TSS;TSS-G;;56.0;mg/l;Fair
KEN00035;2015-01-30;00:00;;EC;EC-CND-FLD;;70.0;µS/cm;Fair
KEN00035;2015-01-30;00:00;;TP;COL-AA-PPS;;0.094;mg/l;Fair
KEN00035;2013-05-07;00:00;;TEMP;0;;18.9;°C;Fair
KEN00035;2013-07-05;00:00;;TDS;TDS-G-105;;29.0;mg/l;Fair
KEN00035;2015-01-30;00:00;;TEMP;0;;21.81;°C;Fair
KEN00035;2015-01-30;00:00;;TN;COL-AZO-Cd-PS;;1.281;mg/l;Fair
KEN00035;2013-05-07;00:00;;TSS;TSS-G;;13.5;mg/l;Fair
KEN00035;2013-05-07;00:00;;EC;EC-CND-FLD;;58.5;µS/cm;Fair
KEN00035;2013-05-07;00:00;;O2-Dis;O2-ISE;;8.17;mg/l;Fair
KEN00035;2013-05-07;00:00;;TP;COL-AA-PPS;;1.648;mg/l;Fair
KEN00035;2013-05-07;00:00;;Q-Inst;0;;3.02;m³/s;Fair
KEN00035;2013-07-05;00:00;;pH;pH-POT-insitu;;7.54;---;Fair
KEN00035;2015-01-30;00:00;;Q-Inst;0;;1.26;m³/s;Fair
KEN00035;2013-05-07;00:00;;TURB;NEPH;;23.0;NTU;Fair
KEN00035;2015-01-30;00:00;;TURB;NEPH;;65.0;NTU;Fair
KEN00035;2015-01-30;00:00;;O2-Dis;O2-ISE;;7.6;mg/l;Fair
KEN00035;2015-01-30;00:00;;pH;pH-POT-insitu;;7.55;---;Fair
KEN00035;2015-01-30;00:00;;TDS;TDS-G-105;;35.0;mg/l;Fair
KEN00036;2015-01-30;00:00;;TSS;TSS-G;;551.0;mg/l;Fair
KEN00036;2015-01-30;00:00;;TDS;TDS-G-105;;30.0;mg/l;Fair
KEN00036;2015-01-30;00:00;;TP;COL-AA-PPS;;0.246;mg/l;Fair
KEN00036;2015-01-30;00:00;;TN;COL-AZO-Cd-PS;;3.094;mg/l;Fair
KEN00036;2015-01-30;00:00;;O2-Dis;O2-ISE;;7.36;mg/l;Fair
KEN00036;2013-05-08;00:00;;EC;EC-CND-FLD;;50.0;µS/cm;Fair
KEN00036;2013-08-05;00:00;;TDS;TDS-G-105;;25.0;mg/l;Fair
KEN00036;2013-05-08;00:00;;Q-Inst;0;;128.5;m³/s;Fair
KEN00036;2013-05-08;00:00;;TP;COL-AA-PPS;;0.163;mg/l;Fair
KEN00036;2015-01-30;00:00;;Q-Inst;0;;5.74;m³/s;Fair
KEN00036;2015-01-30;00:00;;pH;pH-POT-insitu;;7.5;---;Fair
KEN00036;2015-01-30;00:00;;EC;EC-CND-FLD;;60.0;µS/cm;Fair
KEN00036;2015-01-30;00:00;;TEMP;0;;24.0;°C;Fair
KEN00036;2015-01-30;00:00;;TURB;NEPH;;106.0;NTU;Fair
KEN00036;2013-05-08;00:00;;TEMP;0;;21.2;°C;Fair
KEN00036;2013-05-08;00:00;;TSS;TSS-G;;11.3;mg/l;Fair
KEN00036;2013-08-05;00:00;;pH;pH-POT-insitu;;7.24;---;Fair
KEN00036;2013-05-08;00:00;;O2-Dis;O2-ISE;;6.85;mg/l;Fair
KEN00036;2013-05-08;00:00;;TURB;NEPH;;25.0;NTU;Fair
KEN00037;2015-01-30;00:00;;TSS;TSS-G;;41.0;mg/l;Fair
KEN00037;2015-01-30;00:00;;EC;EC-CND-FLD;;56.0;µS/cm;Fair
KEN00037;2015-01-30;00:00;;TEMP;0;;22.95;°C;Fair
KEN00037;2015-01-30;00:00;;Q-Inst;0;;7.47;m³/s;Fair
KEN00037;2013-05-08;00:00;;Q-Inst;0;;120.0;m³/s;Fair
KEN00037;2015-01-30;00:00;;TN;COL-AZO-Cd-PS;;1.182;mg/l;Fair
KEN00037;2013-05-08;00:00;;EC;EC-CND-FLD;;45.2;µS/cm;Fair
KEN00037;2013-08-05;00:00;;TDS;TDS-G-105;;23.0;mg/l;Fair
KEN00037;2013-05-08;00:00;;TP;COL-AA-PPS;;0.074;mg/l;Fair
KEN00037;2013-05-08;00:00;;TEMP;0;;19.4;°C;Fair
KEN00037;2015-01-30;00:00;;TP;COL-AA-PPS;;0.075;mg/l;Fair
KEN00037;2015-01-30;00:00;;pH;pH-POT-insitu;;7.45;---;Fair
KEN00037;2015-01-30;00:00;;O2-Dis;O2-ISE;;7.76;mg/l;Fair
KEN00037;2015-01-30;00:00;;TDS;TDS-G-105;;28.0;mg/l;Fair
KEN00037;2013-05-08;00:00;;O2-Dis;O2-ISE;;7.48;mg/l;Fair
KEN00037;2013-08-05;00:00;;pH;pH-POT-insitu;;7.28;---;Fair
KEN00037;2013-05-09;00:00;;TSS;TSS-G;;10.0;mg/l;Fair
KEN00038;2013-08-05;00:00;;TDS;TDS-G-105;;56.0;mg/l;Fair
KEN00038;2015-01-30;00:00;;EC;EC-CND-FLD;;161.0;µS/cm;Fair
KEN00038;2015-01-30;00:00;;pH;pH-POT-insitu;;8.19;---;Fair
KEN00038;2015-01-30;00:00;;TSS;TSS-G;;204.0;mg/l;Fair
KEN00038;2013-05-08;00:00;;TEMP;0;;25.0;°C;Fair
KEN00038;2013-05-08;00:00;;O2-Dis;O2-ISE;;9.94;mg/l;Fair
KEN00038;2015-01-30;00:00;;TDS;TDS-G-105;;81.0;mg/l;Fair
KEN00038;2013-08-05;00:00;;pH;pH-POT-insitu;;7.85;---;Fair
KEN00038;2015-01-30;00:00;;TN;COL-AZO-Cd-PS;;2.174;mg/l;Fair
KEN00038;2013-05-08;00:00;;TURB;NEPH;;23.0;NTU;Fair
KEN00038;2013-05-08;00:00;;EC;EC-CND-FLD;;110.7;µS/cm;Fair
KEN00038;2015-01-30;00:00;;TP;COL-AA-PPS;;0.099;mg/l;Fair
KEN00038;2015-01-30;00:00;;O2-Dis;O2-ISE;;8.45;mg/l;Fair
KEN00038;2015-01-30;00:00;;TEMP;0;;28.5;°C;Fair
KEN00038;2015-01-30;00:00;;TURB;NEPH;;1600.0;NTU;Fair
KEN00038;2013-05-08;00:00;;TSS;TSS-G;;8.7;mg/l;Fair
KEN00038;2013-05-08;00:00;;TP;COL-AA-PPS;;0.326;mg/l;Fair
KEN00038;2015-01-30;00:00;;Q-Inst;0;;3.472;m³/s;Fair
KEN00039;2015-01-30;00:00;;TDS;TDS-G-105;;106.0;mg/l;Fair
KEN00039;2015-01-30;00:00;;TURB;NEPH;;1556.0;NTU;Fair
KEN00039;2015-01-30;00:00;;TN;COL-AZO-Cd-PS;;1.891;mg/l;Fair
KEN00039;2013-05-08;00:00;;TSS;TSS-G;;15.2;mg/l;Fair
KEN00039;2015-01-30;00:00;;EC;EC-CND-FLD;;211.0;µS/cm;Fair
KEN00039;2015-01-30;00:00;;O2-Dis;O2-ISE;;7.75;mg/l;Fair
KEN00039;2015-01-30;00:00;;pH;pH-POT-insitu;;8.28;---;Fair
KEN00039;2013-05-07;00:00;;O2-Dis;O2-ISE;;7.21;mg/l;Fair
KEN00039;2015-01-30;00:00;;TEMP;0;;27.46;°C;Fair
KEN00039;2013-05-07;00:00;;EC;EC-CND-FLD;;113.4;µS/cm;Fair
KEN00039;2013-07-05;00:00;;pH;pH-POT-insitu;;7.09;---;Fair
KEN00039;2015-01-30;00:00;;TSS;TSS-G;;1090.0;mg/l;Fair
KEN00039;2013-05-07;00:00;;TP;COL-AA-PPS;;1.459;mg/l;Fair
KEN00039;2013-05-07;00:00;;TURB;NEPH;;42.0;NTU;Fair
KEN00039;2013-07-05;00:00;;TDS;TDS-G-105;;57.0;mg/l;Fair
KEN00039;2015-01-30;00:00;;Q-Inst;0;;0.58;m³/s;Fair
KEN00039;2015-01-30;00:00;;TP;COL-AA-PPS;;0.079;mg/l;Fair
KEN00039;2013-05-07;00:00;;TEMP;0;;20.9;°C;Fair
KEN00040;2015-01-30;00:00;;TN;COL-AZO-Cd-PS;;1.372;mg/l;Fair
KEN00040;2013-05-07;00:00;;TURB;NEPH;;45.0;NTU;Fair
KEN00040;2013-05-07;00:00;;O2-Dis;O2-ISE;;7.65;mg/l;Fair
KEN00040;2013-05-07;00:00;;TP;COL-AA-PPS;;0.233;mg/l;Fair
KEN00040;2015-01-30;00:00;;pH;pH-POT-insitu;;7.68;---;Fair
KEN00040;2015-01-30;00:00;;TP;COL-AA-PPS;;0.175;mg/l;Fair
KEN00040;2015-01-30;00:00;;TSS;TSS-G;;57.0;mg/l;Fair
KEN00040;2015-01-30;00:00;;TURB;NEPH;;65.0;NTU;Fair
KEN00040;2015-01-30;00:00;;TDS;TDS-G-105;;31.0;mg/l;Fair
KEN00040;2013-07-05;00:00;;TDS;TDS-G-105;;21.0;mg/l;Fair
KEN00040;2015-01-30;00:00;;O2-Dis;O2-ISE;;7.33;mg/l;Fair
KEN00040;2013-05-07;00:00;;TSS;TSS-G;;8.0;mg/l;Fair
KEN00040;2013-07-05;00:00;;pH;pH-POT-insitu;;6.99;---;Fair
KEN00040;2015-01-30;00:00;;Q-Inst;0;;1.08;m³/s;Fair
KEN00040;2015-01-30;00:00;;EC;EC-CND-FLD;;62.0;µS/cm;Fair
KEN00040;2015-01-30;00:00;;TEMP;0;;20.67;°C;Fair
KEN00040;2013-05-07;00:00;;TEMP;0;;17.0;°C;Fair
KEN00040;2013-05-07;00:00;;EC;EC-CND-FLD;;42.2;µS/cm;Fair
KEN00041;2013-07-05;00:00;;pH;pH-POT-insitu;;7.17;---;Fair
KEN00041;2015-01-30;00:00;;EC;EC-CND-FLD;;126.0;µS/cm;Fair
KEN00041;2015-01-30;00:00;;O2-Dis;O2-ISE;;7.41;mg/l;Fair
KEN00041;2015-01-30;00:00;;TP;COL-AA-PPS;;0.086;mg/l;Fair
KEN00041;2013-05-07;00:00;;O2-Dis;O2-ISE;;7.69;mg/l;Fair
KEN00041;2013-05-07;00:00;;TURB;NEPH;;36.0;NTU;Fair
KEN00041;2015-01-30;00:00;;Q-Inst;0;;0.236;m³/s;Fair
KEN00041;2015-01-30;00:00;;TDS;TDS-G-105;;63.0;mg/l;Fair
KEN00041;2015-01-30;00:00;;TEMP;0;;21.64;°C;Fair
KEN00041;2013-05-07;00:00;;TP;COL-AA-PPS;;0.156;mg/l;Fair
KEN00041;2015-01-30;00:00;;TURB;NEPH;;75.0;NTU;Fair
KEN00041;2015-01-30;00:00;;pH;pH-POT-insitu;;7.99;---;Fair
KEN00041;2013-05-07;00:00;;TSS;TSS-G;;17.7;mg/l;Fair
KEN00041;2015-01-30;00:00;;TSS;TSS-G;;60.0;mg/l;Fair
KEN00041;2015-01-30;00:00;;TN;COL-AZO-Cd-PS;;3.194;mg/l;Fair
KEN00041;2013-05-07;00:00;;TEMP;0;;17.6;°C;Fair
KEN00041;2013-07-05;00:00;;TDS;TDS-G-105;;30.0;mg/l;Fair
KEN00041;2013-05-07;00:00;;EC;EC-CND-FLD;;60.6;µS/cm;Fair
KEN00042;2013-06-22;00:00;4.0;TDS;TDS-G-105;;84.0;mg/l;Fair
KEN00042;2013-06-22;00:00;2.0;Chl-a;0;;6.5;mg/l;Fair
KEN00042;2013-06-22;00:00;2.0;O2-Dis;O2-ISE;;8.08;mg/l;Fair
KEN00042;2013-06-22;00:00;1.0;TDS;TDS-G-105;;83.0;mg/l;Fair
KEN00042;2013-06-22;00:00;1.0;TEMP;0;;24.13;°C;Fair
KEN00042;2013-06-22;00:00;3.0;EC;EC-CND-FLD;;127.0;µS/cm;Fair
KEN00042;2013-06-22;00:00;3.0;TEMP;0;;23.87;°C;Fair
KEN00042;2013-06-22;00:00;0.5;Alk-Tot;0;;62.0;mg/l;Fair
KEN00042;2013-06-22;00:00;0.5;TSS;TSS-G;;13.25;mg/l;Fair
KEN00042;2013-06-22;00:00;0.5;TDS;TDS-G-105;;83.0;mg/l;Fair
KEN00042;2013-06-22;00:00;2.0;TURB;NEPH;;51.1;NTU;Fair
KEN00042;2013-06-22;00:00;2.0;pH;pH-POT-insitu;;8.58;---;Fair
KEN00042;2013-06-22;00:00;3.0;pH;pH-POT-insitu;;8.54;---;Fair
KEN00042;2013-06-22;00:00;3.0;O2-Dis;O2-ISE;;7.8;mg/l;Fair
KEN00042;2013-06-22;00:00;3.0;TDS;TDS-G-105;;84.0;mg/l;Fair
KEN00042;2013-06-22;00:00;4.0;TURB;NEPH;;50.2;NTU;Fair
KEN00042;2013-06-22;00:00;4.0;Chl-a;0;;5.8;mg/l;Fair
KEN00042;2013-06-22;00:00;2.0;EC;EC-CND-FLD;;126.0;µS/cm;Fair
KEN00042;2013-06-22;00:00;1.0;O2-Dis;O2-ISE;;8.22;mg/l;Fair
KEN00042;2013-06-22;00:00;1.0;pH;pH-POT-insitu;;8.55;---;Fair
KEN00042;2013-06-22;00:00;3.0;Chl-a;0;;5.6;mg/l;Fair
KEN00042;2013-06-22;00:00;0.5;TEMP;0;;24.08;°C;Fair
KEN00042;2013-06-22;00:00;0.5;TURB;NEPH;;54.1;NTU;Fair
KEN00042;2013-06-22;00:00;0.5;TP;COL-AA-PPS;;0.153;mg/l;Fair
KEN00042;2013-06-22;00:00;4.0;TSS;TSS-G;;11.5;mg/l;Fair
KEN00042;2013-06-22;00:00;4.0;pH;pH-POT-insitu;;8.53;---;Fair
KEN00042;2013-06-22;00:00;4.0;O2-Dis;O2-ISE;;7.74;mg/l;Fair
KEN00042;2013-06-22;00:00;4.0;TP;COL-AA-PPS;;0.117;mg/l;Fair
KEN00042;2013-06-22;00:00;2.0;TDS;TDS-G-105;;83.0;mg/l;Fair
KEN00042;2013-06-22;00:00;2.0;TEMP;0;;24.01;°C;Fair
KEN00042;2013-06-22;00:00;1.0;EC;EC-CND-FLD;;125.0;µS/cm;Fair
KEN00042;2013-06-22;00:00;3.0;TURB;NEPH;;50.0;NTU;Fair
KEN00042;2013-06-22;00:00;4.0;EC;EC-CND-FLD;;127.0;µS/cm;Fair
KEN00042;2013-06-22;00:00;4.0;TEMP;0;;23.87;°C;Fair
KEN00042;2013-06-22;00:00;1.0;Chl-a;0;;6.8;mg/l;Fair
KEN00042;2013-06-22;00:00;1.0;TURB;NEPH;;55.0;NTU;Fair
KEN00042;2013-06-22;00:00;0.5;Chl-a;0;;7.5;mg/l;Fair
KEN00042;2013-06-22;00:00;0.5;EC;EC-CND-FLD;;125.0;µS/cm;Fair
KEN00042;2013-06-22;00:00;0.5;O2-Dis;O2-ISE;;8.18;mg/l;Fair
KEN00042;2013-06-22;00:00;0.5;pH;pH-POT-insitu;;8.47;---;Fair
KEN00043;2013-06-22;00:00;0.5;pH;pH-POT-insitu;;7.52;---;Fair
KEN00043;2013-06-22;00:00;5.0;pH;pH-POT-insitu;;7.67;---;Fair
KEN00043;2013-06-22;00:00;3.0;pH;pH-POT-insitu;;7.63;---;Fair
KEN00043;2013-06-22;00:00;3.0;EC;EC-CND-FLD;;132.0;µS/cm;Fair
KEN00043;2013-06-22;00:00;3.0;Chl-a;0;;6.8;mg/l;Fair
KEN00043;2013-06-22;00:00;1.0;TDS;TDS-G-105;;87.0;mg/l;Fair
KEN00043;2013-06-22;00:00;4.0;EC;EC-CND-FLD;;132.0;µS/cm;Fair
KEN00043;2013-06-22;00:00;4.0;TEMP;0;;24.17;°C;Fair
KEN00043;2013-06-22;00:00;6.0;EC;EC-CND-FLD;;132.0;µS/cm;Fair
KEN00043;2013-06-22;00:00;6.0;O2-Dis;O2-ISE;;7.81;mg/l;Fair
KEN00043;2013-06-22;00:00;6.0;pH;pH-POT-insitu;;7.69;---;Fair
KEN00043;2013-06-22;00:00;0.5;TEMP;0;;24.17;°C;Fair
KEN00043;2013-06-22;00:00;0.5;TDS;TDS-G-105;;87.0;mg/l;Fair
KEN00043;2013-06-22;00:00;5.0;TDS;TDS-G-105;;87.0;mg/l;Fair
KEN00043;2013-06-22;00:00;3.0;TURB;NEPH;;64.2;NTU;Fair
KEN00043;2013-06-22;00:00;1.0;Chl-a;0;;7.0;mg/l;Fair
KEN00043;2013-06-22;00:00;1.0;pH;pH-POT-insitu;;7.56;---;Fair
KEN00043;2013-06-22;00:00;2.0;Chl-a;0;;6.3;mg/l;Fair
KEN00043;2013-06-22;00:00;2.0;O2-Dis;O2-ISE;;7.78;mg/l;Fair
KEN00043;2013-06-22;00:00;4.0;Chl-a;0;;6.1;mg/l;Fair
KEN00043;2013-06-22;00:00;6.0;TEMP;0;;24.17;°C;Fair
KEN00043;2013-06-22;00:00;0.5;TURB;NEPH;;63.7;NTU;Fair
KEN00043;2013-06-22;00:00;0.5;Chl-a;0;;6.1;mg/l;Fair
KEN00043;2013-06-22;00:00;5.0;Chl-a;0;;6.6;mg/l;Fair
KEN00043;2013-06-22;00:00;5.0;EC;EC-CND-FLD;;132.0;µS/cm;Fair
KEN00043;2013-06-22;00:00;5.0;TURB;NEPH;;62.4;NTU;Fair
KEN00043;2013-06-22;00:00;3.0;TSS;TSS-G;;11.25;mg/l;Fair
KEN00043;2013-06-22;00:00;3.0;TDS;TDS-G-105;;87.0;mg/l;Fair
KEN00043;2013-06-22;00:00;2.0;EC;EC-CND-FLD;;132.0;µS/cm;Fair
KEN00043;2013-06-22;00:00;2.0;TURB;NEPH;;63.1;NTU;Fair
KEN00043;2013-06-22;00:00;2.0;TDS;TDS-G-105;;87.0;mg/l;Fair
KEN00043;2013-06-22;00:00;4.0;TURB;NEPH;;63.1;NTU;Fair
KEN00043;2013-06-22;00:00;4.0;pH;pH-POT-insitu;;7.65;---;Fair
KEN00043;2013-06-22;00:00;6.0;TSS;TSS-G;;11.75;mg/l;Fair
KEN00043;2013-06-22;00:00;0.5;TP;COL-AA-PPS;;0.141;mg/l;Fair
KEN00043;2013-06-22;00:00;5.0;O2-Dis;O2-ISE;;7.88;mg/l;Fair
KEN00043;2013-06-22;00:00;1.0;TEMP;0;;24.17;°C;Fair
KEN00043;2013-06-22;00:00;1.0;O2-Dis;O2-ISE;;7.66;mg/l;Fair
KEN00043;2013-06-22;00:00;1.0;TURB;NEPH;;62.9;NTU;Fair
KEN00043;2013-06-22;00:00;2.0;pH;pH-POT-insitu;;7.6;---;Fair
KEN00043;2013-06-22;00:00;4.0;O2-Dis;O2-ISE;;7.89;mg/l;Fair
KEN00043;2013-06-22;00:00;6.0;Chl-a;0;;6.4;mg/l;Fair
KEN00043;2013-06-22;00:00;6.0;TP;COL-AA-PPS;;0.121;mg/l;Fair
KEN00043;2013-06-22;00:00;6.0;TDS;TDS-G-105;;87.0;mg/l;Fair
KEN00043;2013-06-22;00:00;6.0;TURB;NEPH;;63.0;NTU;Fair
KEN00043;2013-06-22;00:00;0.5;O2-Dis;O2-ISE;;7.49;mg/l;Fair
KEN00043;2013-06-22;00:00;0.5;EC;EC-CND-FLD;;132.0;µS/cm;Fair
KEN00043;2013-06-22;00:00;0.5;TSS;TSS-G;;12.5;mg/l;Fair
KEN00043;2013-06-22;00:00;0.5;Alk-Tot;0;;66.0;mg/l;Fair
KEN00043;2013-06-22;00:00;5.0;TEMP;0;;24.17;°C;Fair
KEN00043;2013-06-22;00:00;3.0;O2-Dis;O2-ISE;;7.84;mg/l;Fair
KEN00043;2013-06-22;00:00;3.0;TEMP;0;;24.18;°C;Fair
KEN00043;2013-06-22;00:00;3.0;TP;COL-AA-PPS;;0.123;mg/l;Fair
KEN00043;2013-06-22;00:00;1.0;EC;EC-CND-FLD;;132.0;µS/cm;Fair
KEN00043;2013-06-22;00:00;2.0;TEMP;0;;24.18;°C;Fair
KEN00043;2013-06-22;00:00;4.0;TDS;TDS-G-105;;87.0;mg/l;Fair
KEN00044;2013-06-21;00:00;2.0;TDS;TDS-G-105;;91.0;mg/l;Fair
KEN00044;2013-06-21;00:00;3.0;Chl-a;0;;9.1;mg/l;Fair
KEN00044;2013-06-21;00:00;3.0;TEMP;0;;25.07;°C;Fair
KEN00044;2013-06-21;00:00;4.0;EC;EC-CND-FLD;;140.0;µS/cm;Fair
KEN00044;2013-06-21;00:00;4.0;Chl-a;0;;8.0;mg/l;Fair
KEN00044;2013-06-21;00:00;2.0;pH;pH-POT-insitu;;8.95;---;Fair
KEN00044;2013-06-21;00:00;0.5;pH;pH-POT-insitu;;9.02;---;Fair
KEN00044;2013-06-21;00:00;0.5;O2-Dis;O2-ISE;;5.29;mg/l;Fair
KEN00044;2013-06-21;00:00;0.5;EC;EC-CND-FLD;;208.0;µS/cm;Fair
KEN00044;2013-06-21;00:00;1.0;TP;COL-AA-PPS;;0.281;mg/l;Fair
KEN00044;2013-06-21;00:00;0.5;TEMP;0;;25.18;°C;Fair
KEN00044;2013-06-21;00:00;1.0;TURB;NEPH;;73.0;NTU;Fair
KEN00044;2013-06-21;00:00;1.0;Chl-a;0;;8.5;mg/l;Fair
KEN00044;2013-06-21;00:00;3.0;pH;pH-POT-insitu;;8.94;---;Fair
KEN00044;2013-06-21;00:00;3.0;TURB;NEPH;;71.3;NTU;Fair
KEN00044;2013-06-21;00:00;4.0;pH;pH-POT-insitu;;8.92;---;Fair
KEN00044;2013-06-21;00:00;4.0;O2-Dis;O2-ISE;;5.4;mg/l;Fair
KEN00044;2013-06-21;00:00;2.0;Chl-a;0;;8.8;mg/l;Fair
KEN00044;2013-06-21;00:00;4.0;TDS;TDS-G-105;;91.0;mg/l;Fair
KEN00044;2013-06-21;00:00;4.0;TURB;NEPH;;71.2;NTU;Fair
KEN00044;2013-06-21;00:00;2.0;EC;EC-CND-FLD;;212.0;µS/cm;Fair
KEN00044;2013-06-21;00:00;2.0;O2-Dis;O2-ISE;;5.29;mg/l;Fair
KEN00044;2013-06-21;00:00;2.0;TURB;NEPH;;72.5;NTU;Fair
KEN00044;2013-06-21;00:00;0.5;TDS;TDS-G-105;;91.0;mg/l;Fair
KEN00044;2013-06-21;00:00;0.5;TURB;NEPH;;77.0;NTU;Fair
KEN00044;2013-06-21;00:00;1.0;EC;EC-CND-FLD;;203.0;µS/cm;Fair
KEN00044;2013-06-21;00:00;1.0;TDS;TDS-G-105;;91.0;mg/l;Fair
KEN00044;2013-06-21;00:00;3.0;O2-Dis;O2-ISE;;5.33;mg/l;Fair
KEN00044;2013-06-21;00:00;3.0;TDS;TDS-G-105;;91.0;mg/l;Fair
KEN00044;2013-06-21;00:00;4.0;TEMP;0;;25.06;°C;Fair
KEN00044;2013-06-21;00:00;2.0;TEMP;0;;25.14;°C;Fair
KEN00044;2013-06-21;00:00;0.5;Chl-a;0;;9.4;mg/l;Fair
KEN00044;2013-06-21;00:00;1.0;TSS;TSS-G;;19.5;mg/l;Fair
KEN00044;2013-06-21;00:00;1.0;pH;pH-POT-insitu;;8.92;---;Fair
KEN00044;2013-06-21;00:00;1.0;O2-Dis;O2-ISE;;5.14;mg/l;Fair
KEN00044;2013-06-21;00:00;1.0;TEMP;0;;25.13;°C;Fair
KEN00044;2013-06-21;00:00;3.0;EC;EC-CND-FLD;;227.0;µS/cm;Fair
KEN00045;2013-06-21;00:00;0.5;Chl-a;0;;13.4;mg/l;Fair
KEN00045;2013-06-21;00:00;0.5;pH;pH-POT-insitu;;7.81;---;Fair
KEN00045;2013-06-21;00:00;0.5;O2-Dis;O2-ISE;;3.82;mg/l;Fair
KEN00045;2013-06-21;00:00;1.0;O2-Dis;O2-ISE;;3.92;mg/l;Fair
KEN00045;2013-06-21;00:00;1.0;TURB;NEPH;;67.7;NTU;Fair
KEN00045;2013-06-21;00:00;0.5;TEMP;0;;25.61;°C;Fair
KEN00045;2013-06-21;00:00;1.0;pH;pH-POT-insitu;;7.94;---;Fair
KEN00045;2013-06-21;00:00;0.5;TURB;NEPH;;69.1;NTU;Fair
KEN00045;2013-06-21;00:00;1.0;TP;COL-AA-PPS;;0.1;mg/l;Fair
KEN00045;2013-06-21;00:00;1.0;TEMP;0;;25.11;°C;Fair
KEN00045;2013-06-21;00:00;1.0;TDS;TDS-G-105;;93.0;mg/l;Fair
KEN00045;2013-06-21;00:00;1.0;TSS;TSS-G;;17.6;mg/l;Fair
KEN00045;2013-06-21;00:00;0.5;TDS;TDS-G-105;;93.0;mg/l;Fair
KEN00045;2013-06-21;00:00;0.5;EC;EC-CND-FLD;;144.0;µS/cm;Fair
KEN00045;2013-06-21;00:00;0.5;Alk-Tot;0;;70.0;mg/l;Fair
KEN00045;2013-06-21;00:00;1.0;EC;EC-CND-FLD;;143.0;µS/cm;Fair
KEN00045;2013-06-21;00:00;1.0;Chl-a;0;;8.5;mg/l;Fair
KEN00046;2013-06-20;00:00;8.0;TDS;TDS-G-105;;67.0;mg/l;Fair
KEN00046;2013-06-20;00:00;8.0;Chl-a;0;;5.6;mg/l;Fair
KEN00046;2013-06-20;00:00;4.0;pH;pH-POT-insitu;;7.74;---;Fair
KEN00046;2013-06-20;00:00;4.0;TDS;TDS-G-105;;67.0;mg/l;Fair
KEN00046;2013-06-20;00:00;2.0;Chl-a;0;;5.3;mg/l;Fair
KEN00046;2013-06-20;00:00;2.0;TDS;TDS-G-105;;67.0;mg/l;Fair
KEN00046;2013-06-20;00:00;2.0;pH;pH-POT-insitu;;7.84;---;Fair
KEN00046;2013-06-20;00:00;2.0;O2-Dis;O2-ISE;;4.25;mg/l;Fair
KEN00046;2013-06-20;00:00;2.0;TURB;NEPH;;14.0;NTU;Fair
KEN00046;2013-06-20;00:00;7.0;TEMP;0;;24.72;°C;Fair
KEN00046;2013-06-20;00:00;7.0;Chl-a;0;;5.1;mg/l;Fair
KEN00046;2013-06-20;00:00;9.0;TSS;TSS-G;;3.75;mg/l;Fair
KEN00046;2013-06-20;00:00;9.0;TDS;TDS-G-105;;68.0;mg/l;Fair
KEN00046;2013-06-20;00:00;0.5;Alk-Tot;0;;52.0;mg/l;Fair
KEN00046;2013-06-20;00:00;0.5;O2-Dis;O2-ISE;;4.11;mg/l;Fair
KEN00046;2013-06-20;00:00;0.5;pH;pH-POT-insitu;;7.77;---;Fair
KEN00046;2013-06-20;00:00;6.0;O2-Dis;O2-ISE;;4.12;mg/l;Fair
KEN00046;2013-06-20;00:00;6.0;TEMP;0;;24.73;°C;Fair
KEN00046;2013-06-20;00:00;4.0;EC;EC-CND-FLD;;102.0;µS/cm;Fair
KEN00046;2013-06-20;00:00;2.0;EC;EC-CND-FLD;;103.0;µS/cm;Fair
KEN00046;2013-06-20;00:00;2.0;TEMP;0;;25.12;°C;Fair
KEN00046;2013-06-20;00:00;1.0;pH;pH-POT-insitu;;7.82;---;Fair
KEN00046;2013-06-20;00:00;3.0;TURB;NEPH;;13.2;NTU;Fair
KEN00046;2013-06-20;00:00;3.0;TEMP;0;;24.96;°C;Fair
KEN00046;2013-06-20;00:00;5.0;TURB;NEPH;;13.5;NTU;Fair
KEN00046;2013-06-20;00:00;5.0;EC;EC-CND-FLD;;102.0;µS/cm;Fair
KEN00046;2013-06-20;00:00;5.0;O2-Dis;O2-ISE;;4.05;mg/l;Fair
KEN00046;2013-06-20;00:00;5.0;TDS;TDS-G-105;;67.0;mg/l;Fair
KEN00046;2013-06-20;00:00;7.0;pH;pH-POT-insitu;;7.62;---;Fair
KEN00046;2013-06-20;00:00;7.0;EC;EC-CND-FLD;;103.0;µS/cm;Fair
KEN00046;2013-06-20;00:00;7.0;TDS;TDS-G-105;;67.0;mg/l;Fair
KEN00046;2013-06-20;00:00;9.0;TP;COL-AA-PPS;;0.032;mg/l;Fair
KEN00046;2013-06-20;00:00;0.5;TEMP;0;;25.28;°C;Fair
KEN00046;2013-06-20;00:00;0.5;EC;EC-CND-FLD;;104.0;µS/cm;Fair
KEN00046;2013-06-20;00:00;0.5;TURB;NEPH;;13.6;NTU;Fair
KEN00046;2013-06-20;00:00;8.0;pH;pH-POT-insitu;;7.6;---;Fair
KEN00046;2013-06-20;00:00;6.0;pH;pH-POT-insitu;;7.62;---;Fair
KEN00046;2013-06-20;00:00;6.0;TURB;NEPH;;13.5;NTU;Fair
KEN00046;2013-06-20;00:00;4.0;TEMP;0;;24.74;°C;Fair
KEN00046;2013-06-20;00:00;1.0;EC;EC-CND-FLD;;104.0;µS/cm;Fair
KEN00046;2013-06-20;00:00;3.0;O2-Dis;O2-ISE;;4.25;mg/l;Fair
KEN00046;2013-06-20;00:00;3.0;EC;EC-CND-FLD;;103.0;µS/cm;Fair
KEN00046;2013-06-20;00:00;5.0;Chl-a;0;;5.0;mg/l;Fair
KEN00046;2013-06-20;00:00;5.0;pH;pH-POT-insitu;;7.65;---;Fair
KEN00046;2013-06-20;00:00;7.0;TURB;NEPH;;13.4;NTU;Fair
KEN00046;2013-06-20;00:00;9.0;TURB;NEPH;;14.1;NTU;Fair
KEN00046;2013-06-20;00:00;9.0;O2-Dis;O2-ISE;;4.2;mg/l;Fair
KEN00046;2013-06-20;00:00;0.5;TDS;TDS-G-105;;67.0;mg/l;Fair
KEN00046;2013-06-20;00:00;0.5;Chl-a;0;;4.6;mg/l;Fair
KEN00046;2013-06-20;00:00;8.0;TURB;NEPH;;13.7;NTU;Fair
KEN00046;2013-06-20;00:00;8.0;TEMP;0;;24.72;°C;Fair
KEN00046;2013-06-20;00:00;8.0;O2-Dis;O2-ISE;;4.24;mg/l;Fair
KEN00046;2013-06-20;00:00;6.0;TDS;TDS-G-105;;67.0;mg/l;Fair
KEN00046;2013-06-20;00:00;4.0;O2-Dis;O2-ISE;;4.17;mg/l;Fair
KEN00046;2013-06-20;00:00;1.0;TDS;TDS-G-105;;67.0;mg/l;Fair
KEN00046;2013-06-20;00:00;1.0;TEMP;0;;25.27;°C;Fair
KEN00046;2013-06-20;00:00;3.0;pH;pH-POT-insitu;;7.8;---;Fair
KEN00046;2013-06-20;00:00;3.0;Chl-a;0;;5.5;mg/l;Fair
KEN00046;2013-06-20;00:00;5.0;TP;COL-AA-PPS;;0.033;mg/l;Fair
KEN00046;2013-06-20;00:00;5.0;TSS;TSS-G;;2.5;mg/l;Fair
KEN00046;2013-06-20;00:00;7.0;O2-Dis;O2-ISE;;4.15;mg/l;Fair
KEN00046;2013-06-20;00:00;9.0;Chl-a;0;;5.3;mg/l;Fair
KEN00046;2013-06-20;00:00;9.0;pH;pH-POT-insitu;;7.58;---;Fair
KEN00046;2013-06-20;00:00;9.0;TEMP;0;;24.66;°C;Fair
KEN00046;2013-06-20;00:00;0.5;TSS;TSS-G;;3.0;mg/l;Fair
KEN00046;2013-06-20;00:00;0.5;TP;COL-AA-PPS;;0.052;mg/l;Fair
KEN00046;2013-06-20;00:00;8.0;EC;EC-CND-FLD;;103.0;µS/cm;Fair
KEN00046;2013-06-20;00:00;6.0;Chl-a;0;;5.6;mg/l;Fair
KEN00046;2013-06-20;00:00;6.0;EC;EC-CND-FLD;;102.0;µS/cm;Fair
KEN00046;2013-06-20;00:00;4.0;TURB;NEPH;;13.1;NTU;Fair
KEN00046;2013-06-20;00:00;4.0;Chl-a;0;;5.5;mg/l;Fair
KEN00046;2013-06-20;00:00;1.0;Chl-a;0;;5.6;mg/l;Fair
KEN00046;2013-06-20;00:00;1.0;O2-Dis;O2-ISE;;4.22;mg/l;Fair
KEN00046;2013-06-20;00:00;1.0;TURB;NEPH;;13.7;NTU;Fair
KEN00046;2013-06-20;00:00;3.0;TDS;TDS-G-105;;67.0;mg/l;Fair
KEN00046;2013-06-20;00:00;5.0;TEMP;0;;24.72;°C;Fair
KEN00046;2013-06-20;00:00;9.0;EC;EC-CND-FLD;;103.0;µS/cm;Fair
KEN00047;2013-06-21;00:00;2.0;EC;EC-CND-FLD;;147.0;µS/cm;Fair
KEN00047;2013-06-21;00:00;2.0;TURB;NEPH;;34.0;NTU;Fair
KEN00047;2013-06-21;00:00;1.0;TEMP;0;;25.05;°C;Fair
KEN00047;2013-06-21;00:00;0.5;TEMP;0;;26.09;°C;Fair
KEN00047;2013-06-21;00:00;4.0;TDS;TDS-G-105;;95.0;mg/l;Fair
KEN00047;2013-06-21;00:00;4.0;TURB;NEPH;;34.7;NTU;Fair
KEN00047;2013-06-21;00:00;4.0;Chl-a;0;;5.1;mg/l;Fair
KEN00047;2013-06-21;00:00;1.0;Chl-a;0;;9.5;mg/l;Fair
KEN00047;2013-06-21;00:00;1.0;TURB;NEPH;;36.5;NTU;Fair
KEN00047;2013-06-21;00:00;1.0;O2-Dis;O2-ISE;;8.01;mg/l;Fair
KEN00047;2013-06-21;00:00;1.0;TSS;TSS-G;;7.3;mg/l;Fair
KEN00047;2013-06-21;00:00;3.0;Chl-a;0;;7.1;mg/l;Fair
KEN00047;2013-06-21;00:00;0.5;Chl-a;0;;10.1;mg/l;Fair
KEN00047;2013-06-21;00:00;0.5;EC;EC-CND-FLD;;150.0;µS/cm;Fair
KEN00047;2013-06-21;00:00;4.0;pH;pH-POT-insitu;;7.48;---;Fair
KEN00047;2013-06-21;00:00;4.0;EC;EC-CND-FLD;;147.0;µS/cm;Fair
KEN00047;2013-06-21;00:00;2.0;Chl-a;0;;7.0;mg/l;Fair
KEN00047;2013-06-21;00:00;2.0;TEMP;0;;25.05;°C;Fair
KEN00047;2013-06-21;00:00;2.0;pH;pH-POT-insitu;;7.71;---;Fair
KEN00047;2013-06-21;00:00;3.0;TDS;TDS-G-105;;95.0;mg/l;Fair
KEN00047;2013-06-21;00:00;3.0;TURB;NEPH;;32.2;NTU;Fair
KEN00047;2013-06-21;00:00;3.0;O2-Dis;O2-ISE;;5.69;mg/l;Fair
KEN00047;2013-06-21;00:00;3.0;EC;EC-CND-FLD;;147.0;µS/cm;Fair
KEN00047;2013-06-21;00:00;0.5;Alk-Tot;0;;71.0;mg/l;Fair
KEN00047;2013-06-21;00:00;0.5;TDS;TDS-G-105;;96.0;mg/l;Fair
KEN00047;2013-06-21;00:00;4.0;O2-Dis;O2-ISE;;5.02;mg/l;Fair
KEN00047;2013-06-21;00:00;4.0;TEMP;0;;24.74;°C;Fair
KEN00047;2013-06-21;00:00;1.0;TDS;TDS-G-105;;96.0;mg/l;Fair
KEN00047;2013-06-21;00:00;1.0;pH;pH-POT-insitu;;7.78;---;Fair
KEN00047;2013-06-21;00:00;1.0;TP;COL-AA-PPS;;0.093;mg/l;Fair
KEN00047;2013-06-21;00:00;3.0;pH;pH-POT-insitu;;7.56;---;Fair
KEN00047;2013-06-21;00:00;3.0;TEMP;0;;24.89;°C;Fair
KEN00047;2013-06-21;00:00;0.5;pH;pH-POT-insitu;;7.64;---;Fair
KEN00047;2013-06-21;00:00;2.0;O2-Dis;O2-ISE;;6.24;mg/l;Fair
KEN00047;2013-06-21;00:00;2.0;TDS;TDS-G-105;;96.0;mg/l;Fair
KEN00047;2013-06-21;00:00;1.0;EC;EC-CND-FLD;;150.0;µS/cm;Fair
KEN00047;2013-06-21;00:00;0.5;O2-Dis;O2-ISE;;8.4;mg/l;Fair
KEN00047;2013-06-21;00:00;0.5;TURB;NEPH;;40.0;NTU;Fair
KEN00048;2013-06-22;00:00;0.5;TEMP;0;;27.18;°C;Fair
KEN00048;2013-06-22;00:00;0.5;O2-Dis;O2-ISE;;7.7;mg/l;Fair
KEN00048;2013-06-22;00:00;0.5;Chl-a;0;;22.3;mg/l;Fair
KEN00048;2013-06-22;00:00;0.5;TDS;TDS-G-105;;108.0;mg/l;Fair
KEN00048;2013-06-22;00:00;0.5;pH;pH-POT-insitu;;8.76;---;Fair
KEN00048;2013-06-22;00:00;0.5;TP;COL-AA-PPS;;0.354;mg/l;Fair
KEN00048;2013-06-22;00:00;0.5;TSS;TSS-G;;32.0;mg/l;Fair
KEN00048;2013-06-22;00:00;0.5;EC;EC-CND-FLD;;173.0;µS/cm;Fair
KEN00048;2013-06-22;00:00;0.5;TURB;NEPH;;87.3;NTU;Fair
KEN00049;2013-06-18;00:00;4.0;O2-Dis;O2-ISE;;5.73;mg/l;Fair
KEN00049;2013-06-18;00:00;4.0;TP;COL-AA-PPS;;0.015;mg/l;Fair
KEN00049;2013-06-18;00:00;3.0;TURB;NEPH;;7.6;NTU;Fair
KEN00049;2013-06-18;00:00;3.0;EC;EC-CND-FLD;;93.0;µS/cm;Fair
KEN00049;2013-06-18;00:00;3.0;pH;pH-POT-insitu;;8.67;---;Fair
KEN00049;2013-06-18;00:00;1.0;TSS;TSS-G;;3.0;mg/l;Fair
KEN00049;2013-06-18;00:00;1.0;pH;pH-POT-insitu;;9.44;---;Fair
KEN00049;2013-06-18;00:00;1.0;EC;EC-CND-FLD;;97.0;µS/cm;Fair
KEN00049;2013-06-18;00:00;0.5;O2-Dis;O2-ISE;;9.25;mg/l;Fair
KEN00049;2013-06-18;00:00;0.5;EC;EC-CND-FLD;;98.0;µS/cm;Fair
KEN00049;2013-06-18;00:00;0.5;TURB;NEPH;;21.5;NTU;Fair
KEN00049;2013-06-18;00:00;2.0;pH;pH-POT-insitu;;9.08;---;Fair
KEN00049;2013-06-18;00:00;4.0;pH;pH-POT-insitu;;8.49;---;Fair
KEN00049;2013-06-18;00:00;3.0;Chl-a;0;;6.3;mg/l;Fair
KEN00049;2013-06-18;00:00;0.5;TEMP;0;;26.39;°C;Fair
KEN00049;2013-06-18;00:00;0.5;Chl-a;0;;10.5;mg/l;Fair
KEN00049;2013-06-18;00:00;2.0;EC;EC-CND-FLD;;94.0;µS/cm;Fair
KEN00049;2013-06-18;00:00;2.0;O2-Dis;O2-ISE;;7.7;mg/l;Fair
KEN00049;2013-06-18;00:00;4.0;TDS;TDS-G-105;;60.0;mg/l;Fair
KEN00049;2013-06-18;00:00;4.0;TURB;NEPH;;8.2;NTU;Fair
KEN00049;2013-06-18;00:00;4.0;TSS;TSS-G;;4.75;mg/l;Fair
KEN00049;2013-06-18;00:00;4.0;TEMP;0;;25.78;°C;Fair
KEN00049;2013-06-18;00:00;4.0;Alk-Tot;0;;50.0;mg/l;Fair
KEN00049;2013-06-18;00:00;3.0;TDS;TDS-G-105;;60.0;mg/l;Fair
KEN00049;2013-06-18;00:00;3.0;TEMP;0;;25.86;°C;Fair
KEN00049;2013-06-18;00:00;1.0;TURB;NEPH;;16.0;NTU;Fair
KEN00049;2013-06-18;00:00;1.0;O2-Dis;O2-ISE;;9.34;mg/l;Fair
KEN00049;2013-06-18;00:00;2.0;Chl-a;0;;7.2;mg/l;Fair
KEN00049;2013-06-18;00:00;2.0;TDS;TDS-G-105;;62.0;mg/l;Fair
KEN00049;2013-06-18;00:00;4.0;Chl-a;0;;6.7;mg/l;Fair
KEN00049;2013-06-18;00:00;3.0;O2-Dis;O2-ISE;;6.06;mg/l;Fair
KEN00049;2013-06-18;00:00;1.0;TEMP;0;;26.35;°C;Fair
KEN00049;2013-06-18;00:00;1.0;TP;COL-AA-PPS;;0.026;mg/l;Fair
KEN00049;2013-06-18;00:00;4.0;EC;EC-CND-FLD;;93.0;µS/cm;Fair
KEN00049;2013-06-18;00:00;1.0;TDS;TDS-G-105;;62.0;mg/l;Fair
KEN00049;2013-06-18;00:00;1.0;Chl-a;0;;10.8;mg/l;Fair
KEN00049;2013-06-18;00:00;0.5;pH;pH-POT-insitu;;9.43;---;Fair
KEN00049;2013-06-18;00:00;0.5;TDS;TDS-G-105;;62.0;mg/l;Fair
KEN00049;2013-06-18;00:00;2.0;TURB;NEPH;;7.3;NTU;Fair
KEN00049;2013-06-18;00:00;2.0;TEMP;0;;25.91;°C;Fair
KEN00050;2013-06-22;00:00;3.0;O2-Dis;O2-ISE;;6.32;mg/l;Fair
KEN00050;2013-06-22;00:00;2.0;TURB;NEPH;;60.1;NTU;Fair
KEN00050;2013-06-22;00:00;0.5;TDS;TDS-G-105;;95.0;mg/l;Fair
KEN00050;2013-06-22;00:00;3.0;pH;pH-POT-insitu;;6.62;---;Fair
KEN00050;2013-06-22;00:00;2.0;Chl-a;0;;9.1;mg/l;Fair
KEN00050;2013-06-22;00:00;1.0;TEMP;0;;25.09;°C;Fair
KEN00050;2013-06-22;00:00;3.0;EC;EC-CND-FLD;;146.0;µS/cm;Fair
KEN00050;2013-06-22;00:00;3.0;TDS;TDS-G-105;;95.0;mg/l;Fair
KEN00050;2013-06-22;00:00;2.0;TDS;TDS-G-105;;95.0;mg/l;Fair
KEN00050;2013-06-22;00:00;0.5;TEMP;0;;25.09;°C;Fair
KEN00050;2013-06-22;00:00;0.5;O2-Dis;O2-ISE;;5.96;mg/l;Fair
KEN00050;2013-06-22;00:00;0.5;pH;pH-POT-insitu;;6.96;---;Fair
KEN00050;2013-06-22;00:00;0.5;EC;EC-CND-FLD;;146.0;µS/cm;Fair
KEN00050;2013-06-22;00:00;0.5;Chl-a;0;;9.8;mg/l;Fair
KEN00050;2013-06-22;00:00;1.0;pH;pH-POT-insitu;;7.1;---;Fair
KEN00050;2013-06-22;00:00;3.0;TURB;NEPH;;69.1;NTU;Fair
KEN00050;2013-06-22;00:00;2.0;TEMP;0;;25.09;°C;Fair
KEN00050;2013-06-22;00:00;1.0;TSS;TSS-G;;8.3;mg/l;Fair
KEN00050;2013-06-22;00:00;1.0;Chl-a;0;;9.1;mg/l;Fair
KEN00050;2013-06-22;00:00;3.0;TEMP;0;;25.09;°C;Fair
KEN00050;2013-06-22;00:00;3.0;Chl-a;0;;15.2;mg/l;Fair
KEN00050;2013-06-22;00:00;3.0;Alk-Tot;0;;101.0;mg/l;Fair
KEN00050;2013-06-22;00:00;2.0;EC;EC-CND-FLD;;146.0;µS/cm;Fair
KEN00050;2013-06-22;00:00;2.0;pH;pH-POT-insitu;;7.16;---;Fair
KEN00050;2013-06-22;00:00;2.0;O2-Dis;O2-ISE;;6.13;mg/l;Fair
KEN00050;2013-06-22;00:00;0.5;TURB;NEPH;;61.9;NTU;Fair
KEN00050;2013-06-22;00:00;1.0;TP;COL-AA-PPS;;0.088;mg/l;Fair
KEN00050;2013-06-22;00:00;1.0;TDS;TDS-G-105;;95.0;mg/l;Fair
KEN00050;2013-06-22;00:00;1.0;O2-Dis;O2-ISE;;6.11;mg/l;Fair
KEN00050;2013-06-22;00:00;1.0;EC;EC-CND-FLD;;146.0;µS/cm;Fair
KEN00050;2013-06-22;00:00;1.0;TURB;NEPH;;62.4;NTU;Fair
KEN00051;2013-06-20;00:00;0.5;TEMP;0;;25.8;°C;Fair
KEN00051;2013-06-20;00:00;0.5;O2-Dis;O2-ISE;;3.91;mg/l;Fair
KEN00051;2013-06-20;00:00;0.5;TSS;TSS-G;;2.25;mg/l;Fair
KEN00051;2013-06-20;00:00;21.0;EC;EC-CND-FLD;;108.0;µS/cm;Fair
KEN00051;2013-06-20;00:00;15.0;O2-Dis;O2-ISE;;4.3;mg/l;Fair
KEN00051;2013-06-20;00:00;8.0;TEMP;0;;25.39;°C;Fair
KEN00051;2013-06-20;00:00;6.0;TURB;NEPH;;8.5;NTU;Fair
KEN00051;2013-06-20;00:00;2.0;TURB;NEPH;;7.6;NTU;Fair
KEN00051;2013-06-20;00:00;2.0;Chl-a;0;;4.6;mg/l;Fair
KEN00051;2013-06-20;00:00;1.0;TDS;TDS-G-105;;62.0;mg/l;Fair
KEN00051;2013-06-20;00:00;3.0;TEMP;0;;25.68;°C;Fair
KEN00051;2013-06-20;00:00;5.0;TSS;TSS-G;;3.75;mg/l;Fair
KEN00051;2013-06-20;00:00;7.0;TEMP;0;;25.4;°C;Fair
KEN00051;2013-06-20;00:00;11.0;TP;COL-AA-PPS;;0.018;mg/l;Fair
KEN00051;2013-06-20;00:00;11.0;pH;pH-POT-insitu;;7.47;---;Fair
KEN00051;2013-06-20;00:00;11.0;TEMP;0;;25.31;°C;Fair
KEN00051;2013-06-20;00:00;20.0;Chl-a;0;;4.6;mg/l;Fair
KEN00051;2013-06-20;00:00;22.0;pH;pH-POT-insitu;;7.39;---;Fair
KEN00051;2013-06-20;00:00;21.0;pH;pH-POT-insitu;;7.41;---;Fair
KEN00051;2013-06-20;00:00;21.0;Chl-a;0;;4.4;mg/l;Fair
KEN00051;2013-06-20;00:00;15.0;TDS;TDS-G-105;;68.0;mg/l;Fair
KEN00051;2013-06-20;00:00;6.0;EC;EC-CND-FLD;;96.0;µS/cm;Fair
KEN00051;2013-06-20;00:00;4.0;O2-Dis;O2-ISE;;3.79;mg/l;Fair
KEN00051;2013-06-20;00:00;4.0;TEMP;0;;25.53;°C;Fair
KEN00051;2013-06-20;00:00;2.0;pH;pH-POT-insitu;;7.67;---;Fair
KEN00051;2013-06-20;00:00;1.0;TURB;NEPH;;7.7;NTU;Fair
KEN00051;2013-06-20;00:00;5.0;TEMP;0;;25.42;°C;Fair
KEN00051;2013-06-20;00:00;7.0;TURB;NEPH;;8.6;NTU;Fair
KEN00051;2013-06-20;00:00;11.0;Chl-a;0;;4.4;mg/l;Fair
KEN00051;2013-06-20;00:00;11.0;TDS;TDS-G-105;;65.0;mg/l;Fair
KEN00051;2013-06-20;00:00;11.0;TURB;NEPH;;12.3;NTU;Fair
KEN00051;2013-06-20;00:00;22.0;TURB;NEPH;;19.2;NTU;Fair
KEN00051;2013-06-20;00:00;0.5;EC;EC-CND-FLD;;96.0;µS/cm;Fair
KEN00051;2013-06-20;00:00;21.0;TDS;TDS-G-105;;70.0;mg/l;Fair
KEN00051;2013-06-20;00:00;21.0;O2-Dis;O2-ISE;;4.33;mg/l;Fair
KEN00051;2013-06-20;00:00;21.0;TURB;NEPH;;19.1;NTU;Fair
KEN00051;2013-06-20;00:00;10.0;O2-Dis;O2-ISE;;4.1;mg/l;Fair
KEN00051;2013-06-20;00:00;10.0;EC;EC-CND-FLD;;100.0;µS/cm;Fair
KEN00051;2013-06-20;00:00;8.0;pH;pH-POT-insitu;;7.42;---;Fair
KEN00051;2013-06-20;00:00;8.0;O2-Dis;O2-ISE;;3.83;mg/l;Fair
KEN00051;2013-06-20;00:00;8.0;TDS;TDS-G-105;;63.0;mg/l;Fair
KEN00051;2013-06-20;00:00;6.0;TDS;TDS-G-105;;62.0;mg/l;Fair
KEN00051;2013-06-20;00:00;6.0;pH;pH-POT-insitu;;7.49;---;Fair
KEN00051;2013-06-20;00:00;6.0;Chl-a;0;;3.6;mg/l;Fair
KEN00051;2013-06-20;00:00;4.0;Chl-a;0;;4.1;mg/l;Fair
KEN00051;2013-06-20;00:00;2.0;EC;EC-CND-FLD;;96.0;µS/cm;Fair
KEN00051;2013-06-20;00:00;1.0;O2-Dis;O2-ISE;;4.0;mg/l;Fair
KEN00051;2013-06-20;00:00;1.0;pH;pH-POT-insitu;;7.67;---;Fair
KEN00051;2013-06-20;00:00;1.0;Chl-a;0;;5.0;mg/l;Fair
KEN00051;2013-06-20;00:00;3.0;Chl-a;0;;4.6;mg/l;Fair
KEN00051;2013-06-20;00:00;3.0;EC;EC-CND-FLD;;96.0;µS/cm;Fair
KEN00051;2013-06-20;00:00;3.0;TDS;TDS-G-105;;62.0;mg/l;Fair
KEN00051;2013-06-20;00:00;5.0;TP;COL-AA-PPS;;0.039;mg/l;Fair
KEN00051;2013-06-20;00:00;5.0;TURB;NEPH;;8.8;NTU;Fair
KEN00051;2013-06-20;00:00;5.0;TDS;TDS-G-105;;62.0;mg/l;Fair
KEN00051;2013-06-20;00:00;7.0;TDS;TDS-G-105;;63.0;mg/l;Fair
KEN00051;2013-06-20;00:00;9.0;TDS;TDS-G-105;;64.0;mg/l;Fair
KEN00051;2013-06-20;00:00;9.0;TURB;NEPH;;10.6;NTU;Fair
KEN00051;2013-06-20;00:00;11.0;TSS;TSS-G;;4.25;mg/l;Fair
KEN00051;2013-06-20;00:00;20.0;TDS;TDS-G-105;;70.0;mg/l;Fair
KEN00051;2013-06-20;00:00;20.0;TEMP;0;;25.26;°C;Fair
KEN00051;2013-06-20;00:00;20.0;O2-Dis;O2-ISE;;4.29;mg/l;Fair
KEN00051;2013-06-20;00:00;20.0;pH;pH-POT-insitu;;7.41;---;Fair
KEN00051;2013-06-20;00:00;22.0;TP;COL-AA-PPS;;0.021;mg/l;Fair
KEN00051;2013-06-20;00:00;0.5;Alk-Tot;0;;48.0;mg/l;Fair
KEN00051;2013-06-20;00:00;0.5;TURB;NEPH;;8.8;NTU;Fair
KEN00051;2013-06-20;00:00;0.5;TDS;TDS-G-105;;62.0;mg/l;Fair
KEN00051;2013-06-20;00:00;21.0;TEMP;0;;25.26;°C;Fair
KEN00051;2013-06-20;00:00;15.0;Chl-a;0;;4.8;mg/l;Fair
KEN00051;2013-06-20;00:00;15.0;TURB;NEPH;;16.7;NTU;Fair
KEN00051;2013-06-20;00:00;15.0;EC;EC-CND-FLD;;106.0;µS/cm;Fair
KEN00051;2013-06-20;00:00;15.0;TEMP;0;;25.37;°C;Fair
KEN00051;2013-06-20;00:00;10.0;TDS;TDS-G-105;;65.0;mg/l;Fair
KEN00051;2013-06-20;00:00;10.0;TEMP;0;;25.34;°C;Fair
KEN00051;2013-06-20;00:00;10.0;TURB;NEPH;;11.8;NTU;Fair
KEN00051;2013-06-20;00:00;8.0;TURB;NEPH;;9.7;NTU;Fair
KEN00051;2013-06-20;00:00;8.0;EC;EC-CND-FLD;;98.0;µS/cm;Fair
KEN00051;2013-06-20;00:00;6.0;TEMP;0;;25.41;°C;Fair
KEN00051;2013-06-20;00:00;6.0;O2-Dis;O2-ISE;;3.81;mg/l;Fair
KEN00051;2013-06-20;00:00;4.0;EC;EC-CND-FLD;;96.0;µS/cm;Fair
KEN00051;2013-06-20;00:00;2.0;TDS;TDS-G-105;;62.0;mg/l;Fair
KEN00051;2013-06-20;00:00;1.0;EC;EC-CND-FLD;;96.0;µS/cm;Fair
KEN00051;2013-06-20;00:00;5.0;pH;pH-POT-insitu;;7.51;---;Fair
KEN00051;2013-06-20;00:00;7.0;Chl-a;0;;4.2;mg/l;Fair
KEN00051;2013-06-20;00:00;7.0;EC;EC-CND-FLD;;97.0;µS/cm;Fair
KEN00051;2013-06-20;00:00;7.0;O2-Dis;O2-ISE;;3.84;mg/l;Fair
KEN00051;2013-06-20;00:00;9.0;Chl-a;0;;4.3;mg/l;Fair
KEN00051;2013-06-20;00:00;11.0;EC;EC-CND-FLD;;100.0;µS/cm;Fair
KEN00051;2013-06-20;00:00;11.0;O2-Dis;O2-ISE;;4.28;mg/l;Fair
KEN00051;2013-06-20;00:00;20.0;EC;EC-CND-FLD;;107.0;µS/cm;Fair
KEN00051;2013-06-20;00:00;22.0;TSS;TSS-G;;3.25;mg/l;Fair
KEN00051;2013-06-20;00:00;22.0;O2-Dis;O2-ISE;;4.22;mg/l;Fair
KEN00051;2013-06-20;00:00;22.0;TEMP;0;;25.26;°C;Fair
KEN00051;2013-06-20;00:00;0.5;TP;COL-AA-PPS;;0.008;mg/l;Fair
KEN00051;2013-06-20;00:00;0.5;pH;pH-POT-insitu;;7.49;---;Fair
KEN00051;2013-06-20;00:00;0.5;Chl-a;0;;6.3;mg/l;Fair
KEN00051;2013-06-20;00:00;15.0;pH;pH-POT-insitu;;7.43;---;Fair
KEN00051;2013-06-20;00:00;10.0;pH;pH-POT-insitu;;7.46;---;Fair
KEN00051;2013-06-20;00:00;10.0;Chl-a;0;;4.3;mg/l;Fair
KEN00051;2013-06-20;00:00;8.0;Chl-a;0;;4.7;mg/l;Fair
KEN00051;2013-06-20;00:00;4.0;TURB;NEPH;;7.7;NTU;Fair
KEN00051;2013-06-20;00:00;4.0;pH;pH-POT-insitu;;7.56;---;Fair
KEN00051;2013-06-20;00:00;4.0;TDS;TDS-G-105;;62.0;mg/l;Fair
KEN00051;2013-06-20;00:00;2.0;TEMP;0;;25.79;°C;Fair
KEN00051;2013-06-20;00:00;2.0;O2-Dis;O2-ISE;;4.05;mg/l;Fair
KEN00051;2013-06-20;00:00;1.0;TEMP;0;;25.8;°C;Fair
KEN00051;2013-06-20;00:00;3.0;TURB;NEPH;;7.6;NTU;Fair
KEN00051;2013-06-20;00:00;3.0;pH;pH-POT-insitu;;7.6;---;Fair
KEN00051;2013-06-20;00:00;3.0;O2-Dis;O2-ISE;;3.91;mg/l;Fair
KEN00051;2013-06-20;00:00;5.0;O2-Dis;O2-ISE;;3.75;mg/l;Fair
KEN00051;2013-06-20;00:00;5.0;EC;EC-CND-FLD;;96.0;µS/cm;Fair
KEN00051;2013-06-20;00:00;5.0;Chl-a;0;;4.1;mg/l;Fair
KEN00051;2013-06-20;00:00;7.0;pH;pH-POT-insitu;;7.48;---;Fair
KEN00051;2013-06-20;00:00;9.0;TEMP;0;;25.37;°C;Fair
KEN00051;2013-06-20;00:00;9.0;O2-Dis;O2-ISE;;3.92;mg/l;Fair
KEN00051;2013-06-20;00:00;9.0;pH;pH-POT-insitu;;7.44;---;Fair
KEN00051;2013-06-20;00:00;9.0;EC;EC-CND-FLD;;98.0;µS/cm;Fair
KEN00051;2013-06-20;00:00;20.0;TURB;NEPH;;18.7;NTU;Fair
KEN00051;2013-06-20;00:00;22.0;Chl-a;0;;4.1;mg/l;Fair
KEN00051;2013-06-20;00:00;22.0;TDS;TDS-G-105;;70.0;mg/l;Fair
KEN00051;2013-06-20;00:00;22.0;EC;EC-CND-FLD;;108.0;µS/cm;Fair
KEN00052;2013-06-21;00:00;0.5;O2-Dis;O2-ISE;;3.33;mg/l;Fair
KEN00052;2013-06-21;00:00;12.0;EC;EC-CND-FLD;;131.0;µS/cm;Fair
KEN00052;2013-06-21;00:00;10.0;TURB;NEPH;;50.7;NTU;Fair
KEN00052;2013-06-21;00:00;10.0;pH;pH-POT-insitu;;7.7;---;Fair
KEN00052;2013-06-21;00:00;10.0;Chl-a;0;;5.2;mg/l;Fair
KEN00052;2013-06-21;00:00;8.0;TDS;TDS-G-105;;85.0;mg/l;Fair
KEN00052;2013-06-21;00:00;8.0;EC;EC-CND-FLD;;131.0;µS/cm;Fair
KEN00052;2013-06-21;00:00;8.0;TEMP;0;;24.68;°C;Fair
KEN00052;2013-06-21;00:00;4.0;Chl-a;0;;5.2;mg/l;Fair
KEN00052;2013-06-21;00:00;4.0;O2-Dis;O2-ISE;;3.5;mg/l;Fair
KEN00052;2013-06-21;00:00;2.0;TURB;NEPH;;50.9;NTU;Fair
KEN00052;2013-06-21;00:00;2.0;O2-Dis;O2-ISE;;3.62;mg/l;Fair
KEN00052;2013-06-21;00:00;2.0;EC;EC-CND-FLD;;131.0;µS/cm;Fair
KEN00052;2013-06-21;00:00;1.0;EC;EC-CND-FLD;;131.0;µS/cm;Fair
KEN00052;2013-06-21;00:00;3.0;EC;EC-CND-FLD;;131.0;µS/cm;Fair
KEN00052;2013-06-21;00:00;5.0;TURB;NEPH;;51.8;NTU;Fair
KEN00052;2013-06-21;00:00;5.0;O2-Dis;O2-ISE;;3.56;mg/l;Fair
KEN00052;2013-06-21;00:00;7.0;Chl-a;0;;5.2;mg/l;Fair
KEN00052;2013-06-21;00:00;7.0;EC;EC-CND-FLD;;131.0;µS/cm;Fair
KEN00052;2013-06-21;00:00;7.0;O2-Dis;O2-ISE;;3.71;mg/l;Fair
KEN00052;2013-06-21;00:00;13.0;O2-Dis;O2-ISE;;4.03;mg/l;Fair
KEN00052;2013-06-21;00:00;0.5;Chl-a;0;;5.3;mg/l;Fair
KEN00052;2013-06-21;00:00;0.5;TP;COL-AA-PPS;;0.102;mg/l;Fair
KEN00052;2013-06-21;00:00;0.5;TURB;NEPH;;51.3;NTU;Fair
KEN00052;2013-06-21;00:00;0.5;pH;pH-POT-insitu;;7.24;---;Fair
KEN00052;2013-06-21;00:00;8.0;pH;pH-POT-insitu;;7.68;---;Fair
KEN00052;2013-06-21;00:00;8.0;O2-Dis;O2-ISE;;3.8;mg/l;Fair
KEN00052;2013-06-21;00:00;8.0;TURB;NEPH;;50.9;NTU;Fair
KEN00052;2013-06-21;00:00;6.0;Chl-a;0;;5.1;mg/l;Fair
KEN00052;2013-06-21;00:00;4.0;TDS;TDS-G-105;;85.0;mg/l;Fair
KEN00052;2013-06-21;00:00;1.0;Chl-a;0;;4.9;mg/l;Fair
KEN00052;2013-06-21;00:00;3.0;pH;pH-POT-insitu;;7.54;---;Fair
KEN00052;2013-06-21;00:00;3.0;TEMP;0;;24.68;°C;Fair
KEN00052;2013-06-21;00:00;5.0;EC;EC-CND-FLD;;131.0;µS/cm;Fair
KEN00052;2013-06-21;00:00;5.0;Chl-a;0;;5.3;mg/l;Fair
KEN00052;2013-06-21;00:00;7.0;TSS;TSS-G;;6.5;mg/l;Fair
KEN00052;2013-06-21;00:00;7.0;TEMP;0;;24.69;°C;Fair
KEN00052;2013-06-21;00:00;9.0;O2-Dis;O2-ISE;;3.83;mg/l;Fair
KEN00052;2013-06-21;00:00;9.0;pH;pH-POT-insitu;;7.7;---;Fair
KEN00052;2013-06-21;00:00;11.0;pH;pH-POT-insitu;;7.71;---;Fair
KEN00052;2013-06-21;00:00;11.0;O2-Dis;O2-ISE;;3.94;mg/l;Fair
KEN00052;2013-06-21;00:00;13.0;TP;COL-AA-PPS;;0.115;mg/l;Fair
KEN00052;2013-06-21;00:00;13.0;TDS;TDS-G-105;;85.0;mg/l;Fair
KEN00052;2013-06-21;00:00;12.0;TDS;TDS-G-105;;85.0;mg/l;Fair
KEN00052;2013-06-21;00:00;10.0;O2-Dis;O2-ISE;;3.9;mg/l;Fair
KEN00052;2013-06-21;00:00;6.0;pH;pH-POT-insitu;;7.62;---;Fair
KEN00052;2013-06-21;00:00;6.0;EC;EC-CND-FLD;;131.0;µS/cm;Fair
KEN00052;2013-06-21;00:00;4.0;EC;EC-CND-FLD;;131.0;µS/cm;Fair
KEN00052;2013-06-21;00:00;2.0;Chl-a;0;;5.0;mg/l;Fair
KEN00052;2013-06-21;00:00;1.0;TDS;TDS-G-105;;85.0;mg/l;Fair
KEN00052;2013-06-21;00:00;3.0;Chl-a;0;;4.8;mg/l;Fair
KEN00052;2013-06-21;00:00;3.0;O2-Dis;O2-ISE;;3.41;mg/l;Fair
KEN00052;2013-06-21;00:00;5.0;pH;pH-POT-insitu;;7.61;---;Fair
KEN00052;2013-06-21;00:00;5.0;TDS;TDS-G-105;;85.0;mg/l;Fair
KEN00052;2013-06-21;00:00;7.0;TDS;TDS-G-105;;85.0;mg/l;Fair
KEN00052;2013-06-21;00:00;9.0;EC;EC-CND-FLD;;131.0;µS/cm;Fair
KEN00052;2013-06-21;00:00;9.0;TDS;TDS-G-105;;85.0;mg/l;Fair
KEN00052;2013-06-21;00:00;13.0;pH;pH-POT-insitu;;7.71;---;Fair
KEN00052;2013-06-21;00:00;13.0;EC;EC-CND-FLD;;131.0;µS/cm;Fair
KEN00052;2013-06-21;00:00;0.5;TSS;TSS-G;;5.5;mg/l;Fair
KEN00052;2013-06-21;00:00;0.5;EC;EC-CND-FLD;;131.0;µS/cm;Fair
KEN00052;2013-06-21;00:00;0.5;TEMP;0;;24.66;°C;Fair
KEN00052;2013-06-21;00:00;0.5;TDS;TDS-G-105;;85.0;mg/l;Fair
KEN00052;2013-06-21;00:00;0.5;Alk-Tot;0;;62.0;mg/l;Fair
KEN00052;2013-06-21;00:00;12.0;Chl-a;0;;5.4;mg/l;Fair
KEN00052;2013-06-21;00:00;12.0;TEMP;0;;24.69;°C;Fair
KEN00052;2013-06-21;00:00;12.0;TURB;NEPH;;50.9;NTU;Fair
KEN00052;2013-06-21;00:00;10.0;EC;EC-CND-FLD;;131.0;µS/cm;Fair
KEN00052;2013-06-21;00:00;10.0;TDS;TDS-G-105;;85.0;mg/l;Fair
KEN00052;2013-06-21;00:00;6.0;TEMP;0;;24.68;°C;Fair
KEN00052;2013-06-21;00:00;6.0;O2-Dis;O2-ISE;;3.64;mg/l;Fair
KEN00052;2013-06-21;00:00;4.0;pH;pH-POT-insitu;;7.58;---;Fair
KEN00052;2013-06-21;00:00;2.0;TEMP;0;;24.69;°C;Fair
KEN00052;2013-06-21;00:00;2.0;TDS;TDS-G-105;;85.0;mg/l;Fair
KEN00052;2013-06-21;00:00;1.0;TURB;NEPH;;57.4;NTU;Fair
KEN00052;2013-06-21;00:00;1.0;TEMP;0;;24.67;°C;Fair
KEN00052;2013-06-21;00:00;3.0;TDS;TDS-G-105;;85.0;mg/l;Fair
KEN00052;2013-06-21;00:00;3.0;TURB;NEPH;;51.0;NTU;Fair
KEN00052;2013-06-21;00:00;7.0;TURB;NEPH;;50.6;NTU;Fair
KEN00052;2013-06-21;00:00;7.0;pH;pH-POT-insitu;;7.66;---;Fair
KEN00052;2013-06-21;00:00;9.0;TURB;NEPH;;50.9;NTU;Fair
KEN00052;2013-06-21;00:00;9.0;TEMP;0;;24.68;°C;Fair
KEN00052;2013-06-21;00:00;11.0;Chl-a;0;;5.2;mg/l;Fair
KEN00052;2013-06-21;00:00;11.0;TDS;TDS-G-105;;85.0;mg/l;Fair
KEN00052;2013-06-21;00:00;11.0;EC;EC-CND-FLD;;131.0;µS/cm;Fair
KEN00052;2013-06-21;00:00;11.0;TURB;NEPH;;50.7;NTU;Fair
KEN00052;2013-06-21;00:00;13.0;TEMP;0;;24.68;°C;Fair
KEN00052;2013-06-21;00:00;13.0;TURB;NEPH;;51.3;NTU;Fair
KEN00052;2013-06-21;00:00;13.0;Chl-a;0;;5.2;mg/l;Fair
KEN00052;2013-06-21;00:00;12.0;pH;pH-POT-insitu;;7.74;---;Fair
KEN00052;2013-06-21;00:00;12.0;O2-Dis;O2-ISE;;4.01;mg/l;Fair
KEN00052;2013-06-21;00:00;10.0;TEMP;0;;24.69;°C;Fair
KEN00052;2013-06-21;00:00;8.0;Chl-a;0;;5.0;mg/l;Fair
KEN00052;2013-06-21;00:00;6.0;TURB;NEPH;;51.0;NTU;Fair
KEN00052;2013-06-21;00:00;6.0;TDS;TDS-G-105;;85.0;mg/l;Fair
KEN00052;2013-06-21;00:00;4.0;TEMP;0;;24.69;°C;Fair
KEN00052;2013-06-21;00:00;4.0;TURB;NEPH;;51.3;NTU;Fair
KEN00052;2013-06-21;00:00;2.0;pH;pH-POT-insitu;;7.49;---;Fair
KEN00052;2013-06-21;00:00;1.0;O2-Dis;O2-ISE;;3.59;mg/l;Fair
KEN00052;2013-06-21;00:00;1.0;pH;pH-POT-insitu;;7.4;---;Fair
KEN00052;2013-06-21;00:00;5.0;TEMP;0;;24.69;°C;Fair
KEN00052;2013-06-21;00:00;7.0;TP;COL-AA-PPS;;0.09;mg/l;Fair
KEN00052;2013-06-21;00:00;9.0;Chl-a;0;;5.6;mg/l;Fair
KEN00052;2013-06-21;00:00;11.0;TEMP;0;;24.69;°C;Fair
KEN00052;2013-06-21;00:00;13.0;TSS;TSS-G;;6.5;mg/l;Fair
KEN00053;2013-06-22;00:00;4.0;TEMP;0;;24.72;°C;Fair
KEN00053;2013-06-22;00:00;4.0;EC;EC-CND-FLD;;144.0;µS/cm;Fair
KEN00053;2013-06-22;00:00;4.0;TURB;NEPH;;98.6;NTU;Fair
KEN00053;2013-06-22;00:00;2.0;TDS;TDS-G-105;;92.0;mg/l;Fair
KEN00053;2013-06-22;00:00;2.0;EC;EC-CND-FLD;;142.0;µS/cm;Fair
KEN00053;2013-06-22;00:00;2.0;Chl-a;0;;10.1;mg/l;Fair
KEN00053;2013-06-22;00:00;1.0;pH;pH-POT-insitu;;8.82;---;Fair
KEN00053;2013-06-22;00:00;3.0;pH;pH-POT-insitu;;7.84;---;Fair
KEN00053;2013-06-22;00:00;2.0;TURB;NEPH;;101.4;NTU;Fair
KEN00053;2013-06-22;00:00;2.0;TEMP;0;;25.11;°C;Fair
KEN00053;2013-06-22;00:00;0.5;EC;EC-CND-FLD;;165.0;µS/cm;Fair
KEN00053;2013-06-22;00:00;0.5;pH;pH-POT-insitu;;9.02;---;Fair
KEN00053;2013-06-22;00:00;3.0;TDS;TDS-G-105;;94.0;mg/l;Fair
KEN00053;2013-06-22;00:00;3.0;O2-Dis;O2-ISE;;3.93;mg/l;Fair
KEN00053;2013-06-22;00:00;3.0;Chl-a;0;;9.3;mg/l;Fair
KEN00053;2013-06-22;00:00;2.0;pH;pH-POT-insitu;;8.17;---;Fair
KEN00053;2013-06-22;00:00;0.5;TURB;NEPH;;91.7;NTU;Fair
KEN00053;2013-06-22;00:00;0.5;TEMP;0;;27.96;°C;Fair
KEN00053;2013-06-22;00:00;0.5;O2-Dis;O2-ISE;;8.76;mg/l;Fair
KEN00053;2013-06-22;00:00;1.0;Chl-a;0;;11.8;mg/l;Fair
KEN00053;2013-06-22;00:00;1.0;O2-Dis;O2-ISE;;8.08;mg/l;Fair
KEN00053;2013-06-22;00:00;3.0;TURB;NEPH;;98.0;NTU;Fair
KEN00053;2013-06-22;00:00;3.0;EC;EC-CND-FLD;;143.0;µS/cm;Fair
KEN00053;2013-06-22;00:00;4.0;pH;pH-POT-insitu;;7.69;---;Fair
KEN00053;2013-06-22;00:00;0.5;Chl-a;0;;13.3;mg/l;Fair
KEN00053;2013-06-22;00:00;0.5;TP;COL-AA-PPS;;0.091;mg/l;Fair
KEN00053;2013-06-22;00:00;0.5;TDS;TDS-G-105;;102.0;mg/l;Fair
KEN00053;2013-06-22;00:00;0.5;TSS;TSS-G;;21.0;mg/l;Fair
KEN00053;2013-06-22;00:00;1.0;TURB;NEPH;;81.4;NTU;Fair
KEN00053;2013-06-22;00:00;1.0;TDS;TDS-G-105;;101.0;mg/l;Fair
KEN00053;2013-06-22;00:00;4.0;Chl-a;0;;8.7;mg/l;Fair
KEN00053;2013-06-22;00:00;4.0;O2-Dis;O2-ISE;;3.5;mg/l;Fair
KEN00053;2013-06-22;00:00;4.0;TDS;TDS-G-105;;94.0;mg/l;Fair
KEN00053;2013-06-22;00:00;2.0;O2-Dis;O2-ISE;;5.52;mg/l;Fair
KEN00053;2013-06-22;00:00;1.0;TEMP;0;;27.24;°C;Fair
KEN00053;2013-06-22;00:00;1.0;EC;EC-CND-FLD;;162.0;µS/cm;Fair
KEN00053;2013-06-22;00:00;3.0;TEMP;0;;24.7;°C;Fair
KEN00054;2013-06-22;00:00;2.5;TDS;TDS-G-105;;149.0;mg/l;Fair
KEN00054;2013-06-22;00:00;2.5;TEMP;0;;24.34;°C;Fair
KEN00054;2013-06-22;00:00;2.0;TURB;NEPH;;70.4;NTU;Fair
KEN00054;2013-06-22;00:00;2.0;Chl-a;0;;8.6;mg/l;Fair
KEN00054;2013-06-22;00:00;0.5;TDS;TDS-G-105;;128.0;mg/l;Fair
KEN00054;2013-06-22;00:00;0.5;O2-Dis;O2-ISE;;6.61;mg/l;Fair
KEN00054;2013-06-22;00:00;1.0;O2-Dis;O2-ISE;;4.32;mg/l;Fair
KEN00054;2013-06-22;00:00;1.0;TP;COL-AA-PPS;;0.126;mg/l;Fair
KEN00054;2013-06-22;00:00;2.5;Chl-a;0;;8.3;mg/l;Fair
KEN00054;2013-06-22;00:00;2.5;TURB;NEPH;;66.9;NTU;Fair
KEN00054;2013-06-22;00:00;2.0;EC;EC-CND-FLD;;212.0;µS/cm;Fair
KEN00054;2013-06-22;00:00;2.0;TDS;TDS-G-105;;139.0;mg/l;Fair
KEN00054;2013-06-22;00:00;0.5;pH;pH-POT-insitu;;8.66;---;Fair
KEN00054;2013-06-22;00:00;1.0;TEMP;0;;24.6;°C;Fair
KEN00054;2013-06-22;00:00;2.5;Alk-Tot;0;;71.0;mg/l;Fair
KEN00054;2013-06-22;00:00;2.5;pH;pH-POT-insitu;;7.65;---;Fair
KEN00054;2013-06-22;00:00;2.5;O2-Dis;O2-ISE;;1.58;mg/l;Fair
KEN00054;2013-06-22;00:00;0.5;Chl-a;0;;11.2;mg/l;Fair
KEN00054;2013-06-22;00:00;0.5;TURB;NEPH;;62.9;NTU;Fair
KEN00054;2013-06-22;00:00;1.0;EC;EC-CND-FLD;;203.0;µS/cm;Fair
KEN00054;2013-06-22;00:00;1.0;pH;pH-POT-insitu;;8.22;---;Fair
KEN00054;2013-06-22;00:00;2.0;O2-Dis;O2-ISE;;2.96;mg/l;Fair
KEN00054;2013-06-22;00:00;2.0;pH;pH-POT-insitu;;7.92;---;Fair
KEN00054;2013-06-22;00:00;0.5;EC;EC-CND-FLD;;208.0;µS/cm;Fair
KEN00054;2013-06-22;00:00;1.0;TDS;TDS-G-105;;129.0;mg/l;Fair
KEN00054;2013-06-22;00:00;2.5;EC;EC-CND-FLD;;227.0;µS/cm;Fair
KEN00054;2013-06-22;00:00;2.0;TEMP;0;;24.4;°C;Fair
KEN00054;2013-06-22;00:00;0.5;TEMP;0;;28.1;°C;Fair
KEN00054;2013-06-22;00:00;1.0;Chl-a;0;;8.1;mg/l;Fair
KEN00054;2013-06-22;00:00;1.0;TURB;NEPH;;65.3;NTU;Fair
KEN00054;2013-06-22;00:00;1.0;TSS;TSS-G;;23.2;mg/l;Fair
KEN00055;2013-06-22;00:00;2.0;pH;pH-POT-insitu;;6.85;---;Fair
KEN00055;2013-06-22;00:00;2.0;TEMP;0;;24.52;°C;Fair
KEN00055;2013-06-22;00:00;0.5;TSS;TSS-G;;20.3;mg/l;Fair
KEN00055;2013-06-22;00:00;1.0;Chl-a;0;;9.3;mg/l;Fair
KEN00055;2013-06-22;00:00;2.0;TDS;TDS-G-105;;95.0;mg/l;Fair
KEN00055;2013-06-22;00:00;0.5;Chl-a;0;;10.5;mg/l;Fair
KEN00055;2013-06-22;00:00;0.5;pH;pH-POT-insitu;;7.37;---;Fair
KEN00055;2013-06-22;00:00;0.5;O2-Dis;O2-ISE;;4.67;mg/l;Fair
KEN00055;2013-06-22;00:00;1.0;TDS;TDS-G-105;;100.0;mg/l;Fair
KEN00055;2013-06-22;00:00;1.0;TURB;NEPH;;70.2;NTU;Fair
KEN00055;2013-06-22;00:00;1.0;O2-Dis;O2-ISE;;4.54;mg/l;Fair
KEN00055;2013-06-22;00:00;1.0;TEMP;0;;27.66;°C;Fair
KEN00055;2013-06-22;00:00;2.0;TURB;NEPH;;60.1;NTU;Fair
KEN00055;2013-06-22;00:00;0.5;EC;EC-CND-FLD;;152.0;µS/cm;Fair
KEN00055;2013-06-22;00:00;0.5;TEMP;0;;27.85;°C;Fair
KEN00055;2013-06-22;00:00;1.0;EC;EC-CND-FLD;;162.0;µS/cm;Fair
KEN00055;2013-06-22;00:00;2.0;O2-Dis;O2-ISE;;2.48;mg/l;Fair
KEN00055;2013-06-22;00:00;2.0;EC;EC-CND-FLD;;145.0;µS/cm;Fair
KEN00055;2013-06-22;00:00;2.0;Chl-a;0;;7.6;mg/l;Fair
KEN00055;2013-06-22;00:00;0.5;TURB;NEPH;;69.1;NTU;Fair
KEN00055;2013-06-22;00:00;0.5;TDS;TDS-G-105;;100.0;mg/l;Fair
KEN00055;2013-06-22;00:00;1.0;pH;pH-POT-insitu;;7.28;---;Fair
KEN00055;2013-06-22;00:00;1.0;TP;COL-AA-PPS;;0.12;mg/l;Fair
KEN00056;2013-06-16;00:00;0.5;TURB;NEPH;;10.2;NTU;Fair
KEN00056;2013-06-16;00:00;0.5;pH;pH-POT-insitu;;8.89;---;Fair
KEN00056;2013-06-16;00:00;6.0;TP;COL-AA-PPS;;0.023;mg/l;Fair
KEN00056;2013-06-16;00:00;6.0;pH;pH-POT-insitu;;8.56;---;Fair
KEN00056;2013-06-16;00:00;4.0;O2-Dis;O2-ISE;;2.29;mg/l;Fair
KEN00056;2013-06-16;00:00;4.0;TDS;TDS-G-105;;60.0;mg/l;Fair
KEN00056;2013-06-16;00:00;2.0;EC;EC-CND-FLD;;94.0;µS/cm;Fair
KEN00056;2013-06-16;00:00;1.0;Chl-a;0;;7.7;mg/l;Fair
KEN00056;2013-06-16;00:00;5.0;TDS;TDS-G-105;;60.0;mg/l;Fair
KEN00056;2013-06-16;00:00;5.0;pH;pH-POT-insitu;;8.57;---;Fair
KEN00056;2013-06-16;00:00;5.0;O2-Dis;O2-ISE;;2.39;mg/l;Fair
KEN00056;2013-06-16;00:00;7.0;Alk-Tot;0;;46.0;mg/l;Fair
KEN00056;2013-06-16;00:00;0.5;Chl-a;0;;7.7;mg/l;Fair
KEN00056;2013-06-16;00:00;0.5;TP;COL-AA-PPS;;0.017;mg/l;Fair
KEN00056;2013-06-16;00:00;0.5;TSS;TSS-G;;1.7;mg/l;Fair
KEN00056;2013-06-16;00:00;0.5;TEMP;0;;25.76;°C;Fair
KEN00056;2013-06-16;00:00;0.5;TDS;TDS-G-105;;60.0;mg/l;Fair
KEN00056;2013-06-16;00:00;6.0;TURB;NEPH;;11.2;NTU;Fair
KEN00056;2013-06-16;00:00;6.0;TSS;TSS-G;;3.4;mg/l;Fair
KEN00056;2013-06-16;00:00;6.0;EC;EC-CND-FLD;;94.0;µS/cm;Fair
KEN00056;2013-06-16;00:00;2.0;Chl-a;0;;8.1;mg/l;Fair
KEN00056;2013-06-16;00:00;2.0;TDS;TDS-G-105;;60.0;mg/l;Fair
KEN00056;2013-06-16;00:00;1.0;TEMP;0;;25.75;°C;Fair
KEN00056;2013-06-16;00:00;1.0;TURB;NEPH;;9.9;NTU;Fair
KEN00056;2013-06-16;00:00;3.0;pH;pH-POT-insitu;;8.69;---;Fair
KEN00056;2013-06-16;00:00;5.0;TURB;NEPH;;11.5;NTU;Fair
KEN00056;2013-06-16;00:00;7.0;EC;EC-CND-FLD;;95.0;µS/cm;Fair
KEN00056;2013-06-16;00:00;7.0;pH;pH-POT-insitu;;8.54;---;Fair
KEN00056;2013-06-16;00:00;7.0;O2-Dis;O2-ISE;;2.41;mg/l;Fair
KEN00056;2013-06-16;00:00;7.0;TURB;NEPH;;12.1;NTU;Fair
KEN00056;2013-06-16;00:00;0.5;EC;EC-CND-FLD;;94.0;µS/cm;Fair
KEN00056;2013-06-16;00:00;2.0;TURB;NEPH;;10.9;NTU;Fair
KEN00056;2013-06-16;00:00;1.0;O2-Dis;O2-ISE;;2.31;mg/l;Fair
KEN00056;2013-06-16;00:00;3.0;TEMP;0;;25.74;°C;Fair
KEN00056;2013-06-16;00:00;3.0;O2-Dis;O2-ISE;;2.34;mg/l;Fair
KEN00056;2013-06-16;00:00;5.0;EC;EC-CND-FLD;;94.0;µS/cm;Fair
KEN00056;2013-06-16;00:00;5.0;TEMP;0;;25.73;°C;Fair
KEN00056;2013-06-16;00:00;7.0;TDS;TDS-G-105;;61.0;mg/l;Fair
KEN00056;2013-06-16;00:00;7.0;TEMP;0;;25.71;°C;Fair
KEN00056;2013-06-16;00:00;0.5;Alk-Tot;0;;49.0;mg/l;Fair
KEN00056;2013-06-16;00:00;6.0;Chl-a;0;;7.3;mg/l;Fair
KEN00056;2013-06-16;00:00;6.0;TDS;TDS-G-105;;60.0;mg/l;Fair
KEN00056;2013-06-16;00:00;4.0;pH;pH-POT-insitu;;8.63;---;Fair
KEN00056;2013-06-16;00:00;4.0;Chl-a;0;;7.5;mg/l;Fair
KEN00056;2013-06-16;00:00;2.0;pH;pH-POT-insitu;;8.62;---;Fair
KEN00056;2013-06-16;00:00;1.0;TDS;TDS-G-105;;60.0;mg/l;Fair
KEN00056;2013-06-16;00:00;1.0;EC;EC-CND-FLD;;94.0;µS/cm;Fair
KEN00056;2013-06-16;00:00;3.0;TDS;TDS-G-105;;60.0;mg/l;Fair
KEN00056;2013-06-16;00:00;3.0;EC;EC-CND-FLD;;94.0;µS/cm;Fair
KEN00056;2013-06-16;00:00;3.0;TSS;TSS-G;;2.8;mg/l;Fair
KEN00056;2013-06-16;00:00;3.0;Chl-a;0;;7.9;mg/l;Fair
KEN00056;2013-06-16;00:00;0.5;O2-Dis;O2-ISE;;2.72;mg/l;Fair
KEN00056;2013-06-16;00:00;6.0;O2-Dis;O2-ISE;;2.39;mg/l;Fair
KEN00056;2013-06-16;00:00;6.0;TEMP;0;;25.72;°C;Fair
KEN00056;2013-06-16;00:00;4.0;TURB;NEPH;;10.3;NTU;Fair
KEN00056;2013-06-16;00:00;4.0;TEMP;0;;25.72;°C;Fair
KEN00056;2013-06-16;00:00;4.0;EC;EC-CND-FLD;;94.0;µS/cm;Fair
KEN00056;2013-06-16;00:00;2.0;O2-Dis;O2-ISE;;2.28;mg/l;Fair
KEN00056;2013-06-16;00:00;2.0;TEMP;0;;25.73;°C;Fair
KEN00056;2013-06-16;00:00;1.0;pH;pH-POT-insitu;;8.64;---;Fair
KEN00056;2013-06-16;00:00;3.0;TURB;NEPH;;10.2;NTU;Fair
KEN00056;2013-06-16;00:00;3.0;TP;COL-AA-PPS;;0.03;mg/l;Fair
KEN00056;2013-06-16;00:00;5.0;Chl-a;0;;7.2;mg/l;Fair
KEN00056;2013-06-16;00:00;7.0;Chl-a;0;;7.0;mg/l;Fair
KEN00057;2013-06-19;00:00;0.5;TURB;NEPH;;5.9;NTU;Fair
KEN00057;2013-06-19;00:00;13.0;O2-Dis;O2-ISE;;6.67;mg/l;Fair
KEN00057;2013-06-19;00:00;13.0;Chl-a;0;;6.5;mg/l;Fair
KEN00057;2013-06-19;00:00;11.0;Chl-a;0;;6.7;mg/l;Fair
KEN00057;2013-06-19;00:00;11.0;O2-Dis;O2-ISE;;6.63;mg/l;Fair
KEN00057;2013-06-19;00:00;7.0;TDS;TDS-G-105;;59.0;mg/l;Fair
KEN00057;2013-06-19;00:00;7.0;TURB;NEPH;;6.0;NTU;Fair
KEN00057;2013-06-19;00:00;7.0;O2-Dis;O2-ISE;;6.69;mg/l;Fair
KEN00057;2013-06-19;00:00;5.0;pH;pH-POT-insitu;;7.03;---;Fair
KEN00057;2013-06-19;00:00;5.0;O2-Dis;O2-ISE;;6.74;mg/l;Fair
KEN00057;2013-06-19;00:00;1.0;TDS;TDS-G-105;;59.0;mg/l;Fair
KEN00057;2013-06-19;00:00;1.0;TURB;NEPH;;5.9;NTU;Fair
KEN00057;2013-06-19;00:00;1.0;pH;pH-POT-insitu;;6.79;---;Fair
KEN00057;2013-06-19;00:00;2.0;pH;pH-POT-insitu;;6.88;---;Fair
KEN00057;2013-06-19;00:00;2.0;TEMP;0;;25.43;°C;Fair
KEN00057;2013-06-19;00:00;4.0;TEMP;0;;25.43;°C;Fair
KEN00057;2013-06-19;00:00;4.0;EC;EC-CND-FLD;;91.0;µS/cm;Fair
KEN00057;2013-06-19;00:00;8.0;TEMP;0;;25.42;°C;Fair
KEN00057;2013-06-19;00:00;8.0;pH;pH-POT-insitu;;7.11;---;Fair
KEN00057;2013-06-19;00:00;10.0;TURB;NEPH;;6.5;NTU;Fair
KEN00057;2013-06-19;00:00;10.0;EC;EC-CND-FLD;;91.0;µS/cm;Fair
KEN00057;2013-06-19;00:00;12.0;EC;EC-CND-FLD;;91.0;µS/cm;Fair
KEN00057;2013-06-19;00:00;14.0;O2-Dis;O2-ISE;;6.61;mg/l;Fair
KEN00057;2013-06-19;00:00;0.5;pH;pH-POT-insitu;;6.52;---;Fair
KEN00057;2013-06-19;00:00;11.0;TEMP;0;;25.42;°C;Fair
KEN00057;2013-06-19;00:00;11.0;pH;pH-POT-insitu;;7.17;---;Fair
KEN00057;2013-06-19;00:00;9.0;TDS;TDS-G-105;;59.0;mg/l;Fair
KEN00057;2013-06-19;00:00;9.0;O2-Dis;O2-ISE;;6.63;mg/l;Fair
KEN00057;2013-06-19;00:00;5.0;EC;EC-CND-FLD;;91.0;µS/cm;Fair
KEN00057;2013-06-19;00:00;3.0;O2-Dis;O2-ISE;;6.75;mg/l;Fair
KEN00057;2013-06-19;00:00;3.0;pH;pH-POT-insitu;;6.91;---;Fair
KEN00057;2013-06-19;00:00;3.0;TURB;NEPH;;6.0;NTU;Fair
KEN00057;2013-06-19;00:00;1.0;EC;EC-CND-FLD;;91.0;µS/cm;Fair
KEN00057;2013-06-19;00:00;1.0;Chl-a;0;;6.7;mg/l;Fair
KEN00057;2013-06-19;00:00;4.0;O2-Dis;O2-ISE;;6.74;mg/l;Fair
KEN00057;2013-06-19;00:00;6.0;pH;pH-POT-insitu;;7.08;---;Fair
KEN00057;2013-06-19;00:00;6.0;O2-Dis;O2-ISE;;6.74;mg/l;Fair
KEN00057;2013-06-19;00:00;6.0;EC;EC-CND-FLD;;91.0;µS/cm;Fair
KEN00057;2013-06-19;00:00;6.0;Chl-a;0;;7.2;mg/l;Fair
KEN00057;2013-06-19;00:00;8.0;O2-Dis;O2-ISE;;6.69;mg/l;Fair
KEN00057;2013-06-19;00:00;10.0;Chl-a;0;;6.6;mg/l;Fair
KEN00057;2013-06-19;00:00;14.0;pH;pH-POT-insitu;;7.21;---;Fair
KEN00057;2013-06-19;00:00;14.0;EC;EC-CND-FLD;;91.0;µS/cm;Fair
KEN00057;2013-06-19;00:00;14.0;TEMP;0;;25.42;°C;Fair
KEN00057;2013-06-19;00:00;14.0;TDS;TDS-G-105;;59.0;mg/l;Fair
KEN00057;2013-06-19;00:00;14.0;TP;COL-AA-PPS;;0.036;mg/l;Fair
KEN00057;2013-06-19;00:00;0.5;Alk-Tot;0;;59.0;mg/l;Fair
KEN00057;2013-06-19;00:00;0.5;TDS;TDS-G-105;;59.0;mg/l;Fair
KEN00057;2013-06-19;00:00;0.5;TEMP;0;;25.42;°C;Fair
KEN00057;2013-06-19;00:00;0.5;EC;EC-CND-FLD;;91.0;µS/cm;Fair
KEN00057;2013-06-19;00:00;13.0;pH;pH-POT-insitu;;7.19;---;Fair
KEN00057;2013-06-19;00:00;13.0;EC;EC-CND-FLD;;91.0;µS/cm;Fair
KEN00057;2013-06-19;00:00;13.0;TEMP;0;;25.42;°C;Fair
KEN00057;2013-06-19;00:00;11.0;TDS;TDS-G-105;;59.0;mg/l;Fair
KEN00057;2013-06-19;00:00;9.0;Chl-a;0;;6.7;mg/l;Fair
KEN00057;2013-06-19;00:00;7.0;TSS;TSS-G;;2.0;mg/l;Fair
KEN00057;2013-06-19;00:00;7.0;TEMP;0;;25.42;°C;Fair
KEN00057;2013-06-19;00:00;5.0;TDS;TDS-G-105;;59.0;mg/l;Fair
KEN00057;2013-06-19;00:00;3.0;Chl-a;0;;7.2;mg/l;Fair
KEN00057;2013-06-19;00:00;3.0;TDS;TDS-G-105;;59.0;mg/l;Fair
KEN00057;2013-06-19;00:00;1.0;O2-Dis;O2-ISE;;6.78;mg/l;Fair
KEN00057;2013-06-19;00:00;1.0;TEMP;0;;25.43;°C;Fair
KEN00057;2013-06-19;00:00;2.0;EC;EC-CND-FLD;;91.0;µS/cm;Fair
KEN00057;2013-06-19;00:00;4.0;Chl-a;0;;7.0;mg/l;Fair
KEN00057;2013-06-19;00:00;4.0;pH;pH-POT-insitu;;6.98;---;Fair
KEN00057;2013-06-19;00:00;6.0;TDS;TDS-G-105;;59.0;mg/l;Fair
KEN00057;2013-06-19;00:00;8.0;TDS;TDS-G-105;;59.0;mg/l;Fair
KEN00057;2013-06-19;00:00;10.0;TEMP;0;;25.42;°C;Fair
KEN00057;2013-06-19;00:00;12.0;TEMP;0;;25.42;°C;Fair
KEN00057;2013-06-19;00:00;12.0;TDS;TDS-G-105;;59.0;mg/l;Fair
KEN00057;2013-06-19;00:00;0.5;Chl-a;0;;6.8;mg/l;Fair
KEN00057;2013-06-19;00:00;0.5;TSS;TSS-G;;12.8;mg/l;Fair
KEN00057;2013-06-19;00:00;0.5;O2-Dis;O2-ISE;;6.82;mg/l;Fair
KEN00057;2013-06-19;00:00;13.0;TURB;NEPH;;6.2;NTU;Fair
KEN00057;2013-06-19;00:00;11.0;EC;EC-CND-FLD;;91.0;µS/cm;Fair
KEN00057;2013-06-19;00:00;9.0;TURB;NEPH;;6.4;NTU;Fair
KEN00057;2013-06-19;00:00;9.0;EC;EC-CND-FLD;;91.0;µS/cm;Fair
KEN00057;2013-06-19;00:00;9.0;TEMP;0;;25.42;°C;Fair
KEN00057;2013-06-19;00:00;7.0;Chl-a;0;;6.8;mg/l;Fair
KEN00057;2013-06-19;00:00;3.0;EC;EC-CND-FLD;;91.0;µS/cm;Fair
KEN00057;2013-06-19;00:00;2.0;TDS;TDS-G-105;;59.0;mg/l;Fair
KEN00057;2013-06-19;00:00;6.0;TEMP;0;;25.43;°C;Fair
KEN00057;2013-06-19;00:00;8.0;Chl-a;0;;6.9;mg/l;Fair
KEN00057;2013-06-19;00:00;10.0;pH;pH-POT-insitu;;7.14;---;Fair
KEN00057;2013-06-19;00:00;10.0;O2-Dis;O2-ISE;;6.65;mg/l;Fair
KEN00057;2013-06-19;00:00;12.0;pH;pH-POT-insitu;;7.17;---;Fair
KEN00057;2013-06-19;00:00;14.0;TSS;TSS-G;;2.8;mg/l;Fair
KEN00057;2013-06-19;00:00;14.0;TURB;NEPH;;6.8;NTU;Fair
KEN00057;2013-06-19;00:00;0.5;TP;COL-AA-PPS;;0.009;mg/l;Fair
KEN00057;2013-06-19;00:00;13.0;TDS;TDS-G-105;;59.0;mg/l;Fair
KEN00057;2013-06-19;00:00;11.0;TURB;NEPH;;6.9;NTU;Fair
KEN00057;2013-06-19;00:00;9.0;pH;pH-POT-insitu;;7.12;---;Fair
KEN00057;2013-06-19;00:00;7.0;TP;COL-AA-PPS;;0.005;mg/l;Fair
KEN00057;2013-06-19;00:00;7.0;EC;EC-CND-FLD;;91.0;µS/cm;Fair
KEN00057;2013-06-19;00:00;7.0;pH;pH-POT-insitu;;7.09;---;Fair
KEN00057;2013-06-19;00:00;5.0;TURB;NEPH;;5.9;NTU;Fair
KEN00057;2013-06-19;00:00;5.0;TEMP;0;;25.42;°C;Fair
KEN00057;2013-06-19;00:00;5.0;Chl-a;0;;6.9;mg/l;Fair
KEN00057;2013-06-19;00:00;3.0;TEMP;0;;25.43;°C;Fair
KEN00057;2013-06-19;00:00;2.0;TURB;NEPH;;6.4;NTU;Fair
KEN00057;2013-06-19;00:00;2.0;O2-Dis;O2-ISE;;6.76;mg/l;Fair
KEN00057;2013-06-19;00:00;2.0;Chl-a;0;;7.0;mg/l;Fair
KEN00057;2013-06-19;00:00;4.0;TURB;NEPH;;6.7;NTU;Fair
KEN00057;2013-06-19;00:00;4.0;TDS;TDS-G-105;;59.0;mg/l;Fair
KEN00057;2013-06-19;00:00;6.0;TURB;NEPH;;6.2;NTU;Fair
KEN00057;2013-06-19;00:00;8.0;EC;EC-CND-FLD;;91.0;µS/cm;Fair
KEN00057;2013-06-19;00:00;8.0;TURB;NEPH;;6.1;NTU;Fair
KEN00057;2013-06-19;00:00;10.0;TDS;TDS-G-105;;59.0;mg/l;Fair
KEN00057;2013-06-19;00:00;12.0;Chl-a;0;;6.8;mg/l;Fair
KEN00057;2013-06-19;00:00;12.0;O2-Dis;O2-ISE;;6.68;mg/l;Fair
KEN00057;2013-06-19;00:00;12.0;TURB;NEPH;;6.5;NTU;Fair
KEN00057;2013-06-19;00:00;14.0;Chl-a;0;;7.2;mg/l;Fair
KEN00058;2013-06-16;00:00;30.0;EC;EC-CND-FLD;;91.0;µS/cm;Fair
KEN00058;2013-06-16;00:00;30.0;TEMP;0;;25.46;°C;Fair
KEN00058;2013-06-16;00:00;20.0;TDS;TDS-G-105;;59.0;mg/l;Fair
KEN00058;2013-06-16;00:00;20.0;EC;EC-CND-FLD;;91.0;µS/cm;Fair
KEN00058;2013-06-16;00:00;20.0;TURB;NEPH;;5.0;NTU;Fair
KEN00058;2013-06-16;00:00;10.0;TURB;NEPH;;4.9;NTU;Fair
KEN00058;2013-06-16;00:00;10.0;EC;EC-CND-FLD;;91.0;µS/cm;Fair
KEN00058;2013-06-16;00:00;8.0;TEMP;0;;25.53;°C;Fair
KEN00058;2013-06-16;00:00;8.0;O2-Dis;O2-ISE;;2.9;mg/l;Fair
KEN00058;2013-06-16;00:00;8.0;pH;pH-POT-insitu;;8.01;---;Fair
KEN00058;2013-06-16;00:00;6.0;TP;COL-AA-PPS;;0.033;mg/l;Fair
KEN00058;2013-06-16;00:00;6.0;pH;pH-POT-insitu;;8.06;---;Fair
KEN00058;2013-06-16;00:00;4.0;O2-Dis;O2-ISE;;3.13;mg/l;Fair
KEN00058;2013-06-16;00:00;2.0;Chl-a;0;;3.7;mg/l;Fair
KEN00058;2013-06-16;00:00;2.0;pH;pH-POT-insitu;;8.07;---;Fair
KEN00058;2013-06-16;00:00;2.0;TEMP;0;;25.6;°C;Fair
KEN00058;2013-06-16;00:00;1.0;TEMP;0;;25.63;°C;Fair
KEN00058;2013-06-16;00:00;5.0;TEMP;0;;25.58;°C;Fair
KEN00058;2013-06-16;00:00;5.0;Chl-a;0;;3.9;mg/l;Fair
KEN00058;2013-06-16;00:00;7.0;EC;EC-CND-FLD;;91.0;µS/cm;Fair
KEN00058;2013-06-16;00:00;7.0;TDS;TDS-G-105;;59.0;mg/l;Fair
KEN00058;2013-06-16;00:00;9.0;TDS;TDS-G-105;;59.0;mg/l;Fair
KEN00058;2013-06-16;00:00;17.0;TSS;TSS-G;;0.75;mg/l;Fair
KEN00058;2013-06-16;00:00;17.0;TURB;NEPH;;4.9;NTU;Fair
KEN00058;2013-06-16;00:00;30.0;Chl-a;0;;4.1;mg/l;Fair
KEN00058;2013-06-16;00:00;30.0;pH;pH-POT-insitu;;7.96;---;Fair
KEN00058;2013-06-16;00:00;10.0;Chl-a;0;;3.7;mg/l;Fair
KEN00058;2013-06-16;00:00;10.0;TDS;TDS-G-105;;59.0;mg/l;Fair
KEN00058;2013-06-16;00:00;8.0;EC;EC-CND-FLD;;91.0;µS/cm;Fair
KEN00058;2013-06-16;00:00;6.0;Chl-a;0;;3.8;mg/l;Fair
KEN00058;2013-06-16;00:00;6.0;TDS;TDS-G-105;;59.0;mg/l;Fair
KEN00058;2013-06-16;00:00;6.0;EC;EC-CND-FLD;;91.0;µS/cm;Fair
KEN00058;2013-06-16;00:00;4.0;TDS;TDS-G-105;;59.0;mg/l;Fair
KEN00058;2013-06-16;00:00;4.0;TEMP;0;;25.57;°C;Fair
KEN00058;2013-06-16;00:00;4.0;Chl-a;0;;4.1;mg/l;Fair
KEN00058;2013-06-16;00:00;2.0;EC;EC-CND-FLD;;91.0;µS/cm;Fair
KEN00058;2013-06-16;00:00;0.5;O2-Dis;O2-ISE;;3.36;mg/l;Fair
KEN00058;2013-06-16;00:00;1.0;TDS;TDS-G-105;;59.0;mg/l;Fair
KEN00058;2013-06-16;00:00;1.0;pH;pH-POT-insitu;;8.04;---;Fair
KEN00058;2013-06-16;00:00;3.0;TURB;NEPH;;4.9;NTU;Fair
KEN00058;2013-06-16;00:00;3.0;EC;EC-CND-FLD;;91.0;µS/cm;Fair
KEN00058;2013-06-16;00:00;3.0;O2-Dis;O2-ISE;;3.16;mg/l;Fair
KEN00058;2013-06-16;00:00;3.0;TEMP;0;;25.61;°C;Fair
KEN00058;2013-06-16;00:00;5.0;TURB;NEPH;;4.9;NTU;Fair
KEN00058;2013-06-16;00:00;7.0;TEMP;0;;25.52;°C;Fair
KEN00058;2013-06-16;00:00;9.0;TURB;NEPH;;4.9;NTU;Fair
KEN00058;2013-06-16;00:00;17.0;TP;COL-AA-PPS;;0.02;mg/l;Fair
KEN00058;2013-06-16;00:00;17.0;pH;pH-POT-insitu;;7.98;---;Fair
KEN00058;2013-06-16;00:00;32.0;pH;pH-POT-insitu;;7.97;---;Fair
KEN00058;2013-06-16;00:00;30.0;TURB;NEPH;;5.3;NTU;Fair
KEN00058;2013-06-16;00:00;8.0;TDS;TDS-G-105;;59.0;mg/l;Fair
KEN00058;2013-06-16;00:00;8.0;TURB;NEPH;;4.9;NTU;Fair
KEN00058;2013-06-16;00:00;6.0;TURB;NEPH;;4.8;NTU;Fair
KEN00058;2013-06-16;00:00;4.0;pH;pH-POT-insitu;;8.09;---;Fair
KEN00058;2013-06-16;00:00;2.0;TURB;NEPH;;4.9;NTU;Fair
KEN00058;2013-06-16;00:00;1.0;O2-Dis;O2-ISE;;3.34;mg/l;Fair
KEN00058;2013-06-16;00:00;1.0;Chl-a;0;;3.1;mg/l;Fair
KEN00058;2013-06-16;00:00;7.0;Chl-a;0;;3.6;mg/l;Fair
KEN00058;2013-06-16;00:00;17.0;EC;EC-CND-FLD;;91.0;µS/cm;Fair
KEN00058;2013-06-16;00:00;25.0;TURB;NEPH;;4.9;NTU;Fair
KEN00058;2013-06-16;00:00;32.0;TSS;TSS-G;;0.75;mg/l;Fair
KEN00058;2013-06-16;00:00;30.0;O2-Dis;O2-ISE;;2.86;mg/l;Fair
KEN00058;2013-06-16;00:00;30.0;TDS;TDS-G-105;;59.0;mg/l;Fair
KEN00058;2013-06-16;00:00;20.0;TEMP;0;;25.5;°C;Fair
KEN00058;2013-06-16;00:00;20.0;Chl-a;0;;3.3;mg/l;Fair
KEN00058;2013-06-16;00:00;10.0;pH;pH-POT-insitu;;7.96;---;Fair
KEN00058;2013-06-16;00:00;8.0;Chl-a;0;;2.8;mg/l;Fair
KEN00058;2013-06-16;00:00;6.0;TSS;TSS-G;;0.25;mg/l;Fair
KEN00058;2013-06-16;00:00;2.0;TDS;TDS-G-105;;59.0;mg/l;Fair
KEN00058;2013-06-16;00:00;0.5;TURB;NEPH;;4.9;NTU;Fair
KEN00058;2013-06-16;00:00;0.5;EC;EC-CND-FLD;;91.0;µS/cm;Fair
KEN00058;2013-06-16;00:00;0.5;Chl-a;0;;3.3;mg/l;Fair
KEN00058;2013-06-16;00:00;3.0;Chl-a;0;;3.8;mg/l;Fair
KEN00058;2013-06-16;00:00;3.0;pH;pH-POT-insitu;;8.07;---;Fair
KEN00058;2013-06-16;00:00;3.0;TDS;TDS-G-105;;59.0;mg/l;Fair
KEN00058;2013-06-16;00:00;5.0;TDS;TDS-G-105;;59.0;mg/l;Fair
KEN00058;2013-06-16;00:00;5.0;O2-Dis;O2-ISE;;3.31;mg/l;Fair
KEN00058;2013-06-16;00:00;5.0;pH;pH-POT-insitu;;8.07;---;Fair
KEN00058;2013-06-16;00:00;7.0;TURB;NEPH;;5.0;NTU;Fair
KEN00058;2013-06-16;00:00;7.0;pH;pH-POT-insitu;;7.97;---;Fair
KEN00058;2013-06-16;00:00;9.0;TEMP;0;;25.52;°C;Fair
KEN00058;2013-06-16;00:00;17.0;TDS;TDS-G-105;;59.0;mg/l;Fair
KEN00058;2013-06-16;00:00;25.0;TDS;TDS-G-105;;59.0;mg/l;Fair
KEN00058;2013-06-16;00:00;25.0;O2-Dis;O2-ISE;;2.46;mg/l;Fair
KEN00058;2013-06-16;00:00;25.0;pH;pH-POT-insitu;;7.94;---;Fair
KEN00058;2013-06-16;00:00;25.0;EC;EC-CND-FLD;;91.0;µS/cm;Fair
KEN00058;2013-06-16;00:00;32.0;Chl-a;0;;4.5;mg/l;Fair
KEN00058;2013-06-16;00:00;32.0;TDS;TDS-G-105;;59.0;mg/l;Fair
KEN00058;2013-06-16;00:00;32.0;TEMP;0;;25.45;°C;Fair
KEN00058;2013-06-16;00:00;32.0;TP;COL-AA-PPS;;0.032;mg/l;Fair
KEN00058;2013-06-16;00:00;20.0;O2-Dis;O2-ISE;;2.64;mg/l;Fair
KEN00058;2013-06-16;00:00;20.0;pH;pH-POT-insitu;;7.93;---;Fair
KEN00058;2013-06-16;00:00;10.0;O2-Dis;O2-ISE;;2.96;mg/l;Fair
KEN00058;2013-06-16;00:00;10.0;TEMP;0;;25.52;°C;Fair
KEN00058;2013-06-16;00:00;6.0;O2-Dis;O2-ISE;;2.83;mg/l;Fair
KEN00058;2013-06-16;00:00;6.0;TEMP;0;;25.55;°C;Fair
KEN00058;2013-06-16;00:00;4.0;EC;EC-CND-FLD;;91.0;µS/cm;Fair
KEN00058;2013-06-16;00:00;4.0;TURB;NEPH;;5.0;NTU;Fair
KEN00058;2013-06-16;00:00;2.0;O2-Dis;O2-ISE;;3.21;mg/l;Fair
KEN00058;2013-06-16;00:00;0.5;TP;COL-AA-PPS;;0.014;mg/l;Fair
KEN00058;2013-06-16;00:00;0.5;TEMP;0;;25.65;°C;Fair
KEN00058;2013-06-16;00:00;0.5;pH;pH-POT-insitu;;7.96;---;Fair
KEN00058;2013-06-16;00:00;0.5;TSS;TSS-G;;1.0;mg/l;Fair
KEN00058;2013-06-16;00:00;0.5;TDS;TDS-G-105;;59.0;mg/l;Fair
KEN00058;2013-06-16;00:00;1.0;EC;EC-CND-FLD;;91.0;µS/cm;Fair
KEN00058;2013-06-16;00:00;1.0;TURB;NEPH;;4.9;NTU;Fair
KEN00058;2013-06-16;00:00;5.0;EC;EC-CND-FLD;;91.0;µS/cm;Fair
KEN00058;2013-06-16;00:00;7.0;O2-Dis;O2-ISE;;2.91;mg/l;Fair
KEN00058;2013-06-16;00:00;9.0;O2-Dis;O2-ISE;;2.89;mg/l;Fair
KEN00058;2013-06-16;00:00;9.0;pH;pH-POT-insitu;;7.98;---;Fair
KEN00058;2013-06-16;00:00;9.0;EC;EC-CND-FLD;;91.0;µS/cm;Fair
KEN00058;2013-06-16;00:00;9.0;Chl-a;0;;3.2;mg/l;Fair
KEN00058;2013-06-16;00:00;17.0;Chl-a;0;;3.8;mg/l;Fair
KEN00058;2013-06-16;00:00;17.0;O2-Dis;O2-ISE;;2.77;mg/l;Fair
KEN00058;2013-06-16;00:00;17.0;TEMP;0;;25.5;°C;Fair
KEN00058;2013-06-16;00:00;25.0;TEMP;0;;25.49;°C;Fair
KEN00058;2013-06-16;00:00;25.0;Chl-a;0;;3.7;mg/l;Fair
KEN00058;2013-06-16;00:00;32.0;EC;EC-CND-FLD;;91.0;µS/cm;Fair
KEN00058;2013-06-16;00:00;32.0;O2-Dis;O2-ISE;;2.77;mg/l;Fair
KEN00058;2013-06-16;00:00;32.0;TURB;NEPH;;6.1;NTU;Fair
KEN00059;2013-06-18;00:00;35.0;TDS;TDS-G-105;;59.0;mg/l;Fair
KEN00059;2013-06-18;00:00;35.0;TSS;TSS-G;;0.25;mg/l;Fair
KEN00059;2013-06-18;00:00;25.0;TDS;TDS-G-105;;59.0;mg/l;Fair
KEN00059;2013-06-18;00:00;18.0;TDS;TDS-G-105;;59.0;mg/l;Fair
KEN00059;2013-06-18;00:00;18.0;pH;pH-POT-insitu;;7.41;---;Fair
KEN00059;2013-06-18;00:00;18.0;O2-Dis;O2-ISE;;7.33;mg/l;Fair
KEN00059;2013-06-18;00:00;10.0;Chl-a;0;;3.3;mg/l;Fair
KEN00059;2013-06-18;00:00;10.0;EC;EC-CND-FLD;;91.0;µS/cm;Fair
KEN00059;2013-06-18;00:00;8.0;Chl-a;0;;2.9;mg/l;Fair
KEN00059;2013-06-18;00:00;4.0;EC;EC-CND-FLD;;91.0;µS/cm;Fair
KEN00059;2013-06-18;00:00;4.0;O2-Dis;O2-ISE;;86.0;mg/l;Fair
KEN00059;2013-06-18;00:00;4.0;Chl-a;0;;3.3;mg/l;Fair
KEN00059;2013-06-18;00:00;2.0;TEMP;0;;25.61;°C;Fair
KEN00059;2013-06-18;00:00;1.0;Chl-a;0;;2.9;mg/l;Fair
KEN00059;2013-06-18;00:00;1.0;TURB;NEPH;;4.3;NTU;Fair
KEN00059;2013-06-18;00:00;7.0;O2-Dis;O2-ISE;;7.51;mg/l;Fair
KEN00059;2013-06-18;00:00;7.0;pH;pH-POT-insitu;;7.37;---;Fair
KEN00059;2013-06-18;00:00;9.0;TURB;NEPH;;4.2;NTU;Fair
KEN00059;2013-06-18;00:00;9.0;pH;pH-POT-insitu;;7.41;---;Fair
KEN00059;2013-06-18;00:00;9.0;TSS;TSS-G;;2.25;mg/l;Fair
KEN00059;2013-06-18;00:00;15.0;TURB;NEPH;;4.3;NTU;Fair
KEN00059;2013-06-18;00:00;15.0;TEMP;0;;25.6;°C;Fair
KEN00059;2013-06-18;00:00;15.0;EC;EC-CND-FLD;;91.0;µS/cm;Fair
KEN00059;2013-06-18;00:00;15.0;O2-Dis;O2-ISE;;7.32;mg/l;Fair
KEN00059;2013-06-18;00:00;20.0;Chl-a;0;;3.0;mg/l;Fair
KEN00059;2013-06-18;00:00;20.0;pH;pH-POT-insitu;;7.47;---;Fair
KEN00059;2013-06-18;00:00;30.0;TURB;NEPH;;4.6;NTU;Fair
KEN00059;2013-06-18;00:00;30.0;TDS;TDS-G-105;;59.0;mg/l;Fair
KEN00059;2013-06-18;00:00;0.5;EC;EC-CND-FLD;;91.0;µS/cm;Fair
KEN00059;2013-06-18;00:00;0.5;TEMP;0;;25.41;°C;Fair
KEN00059;2013-06-18;00:00;0.5;TSS;TSS-G;;0.75;mg/l;Fair
KEN00059;2013-06-18;00:00;35.0;TP;COL-AA-PPS;;0.032;mg/l;Fair
KEN00059;2013-06-18;00:00;18.0;TP;COL-AA-PPS;;0.006;mg/l;Fair
KEN00059;2013-06-18;00:00;18.0;TSS;TSS-G;;0.25;mg/l;Fair
KEN00059;2013-06-18;00:00;8.0;pH;pH-POT-insitu;;7.37;---;Fair
KEN00059;2013-06-18;00:00;6.0;TDS;TDS-G-105;;59.0;mg/l;Fair
KEN00059;2013-06-18;00:00;2.0;pH;pH-POT-insitu;;7.15;---;Fair
KEN00059;2013-06-18;00:00;1.0;EC;EC-CND-FLD;;91.0;µS/cm;Fair
KEN00059;2013-06-18;00:00;3.0;O2-Dis;O2-ISE;;7.95;mg/l;Fair
KEN00059;2013-06-18;00:00;3.0;Chl-a;0;;2.8;mg/l;Fair
KEN00059;2013-06-18;00:00;7.0;TEMP;0;;25.6;°C;Fair
KEN00059;2013-06-18;00:00;7.0;Chl-a;0;;2.7;mg/l;Fair
KEN00059;2013-06-18;00:00;9.0;O2-Dis;O2-ISE;;7.48;mg/l;Fair
KEN00059;2013-06-18;00:00;9.0;EC;EC-CND-FLD;;91.0;µS/cm;Fair
KEN00059;2013-06-18;00:00;20.0;TEMP;0;;25.6;°C;Fair
KEN00059;2013-06-18;00:00;30.0;Chl-a;0;;3.5;mg/l;Fair
KEN00059;2013-06-18;00:00;35.0;TEMP;0;;25.59;°C;Fair
KEN00059;2013-06-18;00:00;35.0;Chl-a;0;;2.4;mg/l;Fair
KEN00059;2013-06-18;00:00;25.0;pH;pH-POT-insitu;;7.45;---;Fair
KEN00059;2013-06-18;00:00;10.0;TDS;TDS-G-105;;59.0;mg/l;Fair
KEN00059;2013-06-18;00:00;10.0;pH;pH-POT-insitu;;7.41;---;Fair
KEN00059;2013-06-18;00:00;6.0;O2-Dis;O2-ISE;;7.59;mg/l;Fair
KEN00059;2013-06-18;00:00;6.0;TURB;NEPH;;4.3;NTU;Fair
KEN00059;2013-06-18;00:00;4.0;TURB;NEPH;;4.3;NTU;Fair
KEN00059;2013-06-18;00:00;4.0;TEMP;0;;25.6;°C;Fair
KEN00059;2013-06-18;00:00;2.0;EC;EC-CND-FLD;;91.0;µS/cm;Fair
KEN00059;2013-06-18;00:00;1.0;TEMP;0;;25.61;°C;Fair
KEN00059;2013-06-18;00:00;3.0;TEMP;0;;25.6;°C;Fair
KEN00059;2013-06-18;00:00;5.0;Chl-a;0;;3.2;mg/l;Fair
KEN00059;2013-06-18;00:00;5.0;O2-Dis;O2-ISE;;7.72;mg/l;Fair
KEN00059;2013-06-18;00:00;5.0;EC;EC-CND-FLD;;91.0;µS/cm;Fair
KEN00059;2013-06-18;00:00;5.0;TEMP;0;;25.6;°C;Fair
KEN00059;2013-06-18;00:00;5.0;TURB;NEPH;;4.2;NTU;Fair
KEN00059;2013-06-18;00:00;7.0;TDS;TDS-G-105;;59.0;mg/l;Fair
KEN00059;2013-06-18;00:00;9.0;TEMP;0;;25.6;°C;Fair
KEN00059;2013-06-18;00:00;9.0;TDS;TDS-G-105;;59.0;mg/l;Fair
KEN00059;2013-06-18;00:00;9.0;TP;COL-AA-PPS;;0.002;mg/l;Fair
KEN00059;2013-06-18;00:00;20.0;TDS;TDS-G-105;;59.0;mg/l;Fair
KEN00059;2013-06-18;00:00;20.0;TURB;NEPH;;4.3;NTU;Fair
KEN00059;2013-06-18;00:00;20.0;O2-Dis;O2-ISE;;7.2;mg/l;Fair
KEN00059;2013-06-18;00:00;30.0;O2-Dis;O2-ISE;;6.96;mg/l;Fair
KEN00059;2013-06-18;00:00;0.5;Alk-Tot;0;;46.0;mg/l;Fair
KEN00059;2013-06-18;00:00;0.5;Chl-a;0;;3.0;mg/l;Fair
KEN00059;2013-06-18;00:00;0.5;pH;pH-POT-insitu;;6.93;---;Fair
KEN00059;2013-06-18;00:00;35.0;TURB;NEPH;;5.2;NTU;Fair
KEN00059;2013-06-18;00:00;35.0;pH;pH-POT-insitu;;7.35;---;Fair
KEN00059;2013-06-18;00:00;25.0;Chl-a;0;;3.8;mg/l;Fair
KEN00059;2013-06-18;00:00;25.0;TURB;NEPH;;4.4;NTU;Fair
KEN00059;2013-06-18;00:00;25.0;O2-Dis;O2-ISE;;7.1;mg/l;Fair
KEN00059;2013-06-18;00:00;25.0;EC;EC-CND-FLD;;91.0;µS/cm;Fair
KEN00059;2013-06-18;00:00;18.0;EC;EC-CND-FLD;;91.0;µS/cm;Fair
KEN00059;2013-06-18;00:00;18.0;TEMP;0;;25.6;°C;Fair
KEN00059;2013-06-18;00:00;10.0;O2-Dis;O2-ISE;;7.44;mg/l;Fair
KEN00059;2013-06-18;00:00;8.0;EC;EC-CND-FLD;;91.0;µS/cm;Fair
KEN00059;2013-06-18;00:00;8.0;O2-Dis;O2-ISE;;7.48;mg/l;Fair
KEN00059;2013-06-18;00:00;6.0;Chl-a;0;;2.8;mg/l;Fair
KEN00059;2013-06-18;00:00;6.0;EC;EC-CND-FLD;;91.0;µS/cm;Fair
KEN00059;2013-06-18;00:00;6.0;TEMP;0;;25.6;°C;Fair
KEN00059;2013-06-18;00:00;4.0;TDS;TDS-G-105;;59.0;mg/l;Fair
KEN00059;2013-06-18;00:00;2.0;Chl-a;0;;2.7;mg/l;Fair
KEN00059;2013-06-18;00:00;2.0;TURB;NEPH;;4.2;NTU;Fair
KEN00059;2013-06-18;00:00;3.0;TURB;NEPH;;4.3;NTU;Fair
KEN00059;2013-06-18;00:00;3.0;pH;pH-POT-insitu;;7.25;---;Fair
KEN00059;2013-06-18;00:00;5.0;pH;pH-POT-insitu;;7.29;---;Fair
KEN00059;2013-06-18;00:00;7.0;TURB;NEPH;;4.3;NTU;Fair
KEN00059;2013-06-18;00:00;15.0;TDS;TDS-G-105;;59.0;mg/l;Fair
KEN00059;2013-06-18;00:00;15.0;Chl-a;0;;3.0;mg/l;Fair
KEN00059;2013-06-18;00:00;20.0;EC;EC-CND-FLD;;91.0;µS/cm;Fair
KEN00059;2013-06-18;00:00;30.0;TEMP;0;;25.59;°C;Fair
KEN00059;2013-06-18;00:00;30.0;EC;EC-CND-FLD;;95.0;µS/cm;Fair
KEN00059;2013-06-18;00:00;30.0;pH;pH-POT-insitu;;7.47;---;Fair
KEN00059;2013-06-18;00:00;0.5;O2-Dis;O2-ISE;;9.25;mg/l;Fair
KEN00059;2013-06-18;00:00;0.5;TP;COL-AA-PPS;;0.023;mg/l;Fair
KEN00059;2013-06-18;00:00;35.0;EC;EC-CND-FLD;;92.0;µS/cm;Fair
KEN00059;2013-06-18;00:00;35.0;O2-Dis;O2-ISE;;5.9;mg/l;Fair
KEN00059;2013-06-18;00:00;25.0;TEMP;0;;25.6;°C;Fair
KEN00059;2013-06-18;00:00;18.0;Chl-a;0;;3.0;mg/l;Fair
KEN00059;2013-06-18;00:00;10.0;TEMP;0;;25.6;°C;Fair
KEN00059;2013-06-18;00:00;10.0;TURB;NEPH;;4.2;NTU;Fair
KEN00059;2013-06-18;00:00;8.0;TURB;NEPH;;4.3;NTU;Fair
KEN00059;2013-06-18;00:00;8.0;TEMP;0;;25.6;°C;Fair
KEN00059;2013-06-18;00:00;8.0;TDS;TDS-G-105;;59.0;mg/l;Fair
KEN00059;2013-06-18;00:00;6.0;pH;pH-POT-insitu;;7.32;---;Fair
KEN00059;2013-06-18;00:00;4.0;pH;pH-POT-insitu;;7.27;---;Fair
KEN00059;2013-06-18;00:00;2.0;TDS;TDS-G-105;;59.0;mg/l;Fair
KEN00059;2013-06-18;00:00;2.0;O2-Dis;O2-ISE;;7.69;mg/l;Fair
KEN00059;2013-06-18;00:00;1.0;TDS;TDS-G-105;;59.0;mg/l;Fair
KEN00059;2013-06-18;00:00;1.0;pH;pH-POT-insitu;;7.09;---;Fair
KEN00059;2013-06-18;00:00;1.0;O2-Dis;O2-ISE;;7.72;mg/l;Fair
KEN00059;2013-06-18;00:00;3.0;EC;EC-CND-FLD;;91.0;µS/cm;Fair
KEN00059;2013-06-18;00:00;3.0;TDS;TDS-G-105;;59.0;mg/l;Fair
KEN00059;2013-06-18;00:00;5.0;TDS;TDS-G-105;;59.0;mg/l;Fair
KEN00059;2013-06-18;00:00;7.0;EC;EC-CND-FLD;;91.0;µS/cm;Fair
KEN00059;2013-06-18;00:00;9.0;Chl-a;0;;3.4;mg/l;Fair
KEN00059;2013-06-18;00:00;15.0;pH;pH-POT-insitu;;7.41;---;Fair
KEN00059;2013-06-18;00:00;0.5;TURB;NEPH;;4.8;NTU;Fair
KEN00059;2013-06-18;00:00;0.5;TDS;TDS-G-105;;59.0;mg/l;Fair
KEN00060;2013-05-05;00:00;;TEMP;0;;15.9;°C;Fair
KEN00060;2015-01-30;00:00;;Q-Inst;0;;0.0047;m³/s;Fair
KEN00060;2015-01-30;00:00;;TURB;NEPH;;221.0;NTU;Fair
KEN00060;2013-05-05;00:00;;O2-Dis;O2-ISE;;7.63;mg/l;Fair
KEN00060;2013-05-05;00:00;;TURB;NEPH;;43.0;NTU;Fair
KEN00060;2013-05-05;00:00;;TDS;TDS-G-105;;88.0;mg/l;Fair
KEN00060;2015-01-30;00:00;;TP;COL-AA-PPS;;0.305;mg/l;Fair
KEN00060;2015-01-30;00:00;;EC;EC-CND-FLD;;274.0;µS/cm;Fair
KEN00060;2013-05-06;00:00;;TSS;TSS-G;;17.8;mg/l;Fair
KEN00060;2013-05-05;00:00;;pH;pH-POT-insitu;;7.63;---;Fair
KEN00060;2013-05-05;00:00;;TP;COL-AA-PPS;;0.507;mg/l;Fair
KEN00060;2015-01-30;00:00;;TN;COL-AZO-Cd-PS;;2.25;mg/l;Fair
KEN00060;2015-01-30;00:00;;TDS;TDS-G-105;;137.0;mg/l;Fair
KEN00060;2013-05-05;00:00;;EC;EC-CND-FLD;;136.2;µS/cm;Fair
KEN00060;2015-01-30;00:00;;pH;pH-POT-insitu;;7.87;---;Fair
KEN00060;2015-01-30;00:00;;O2-Dis;O2-ISE;;7.61;mg/l;Fair
KEN00060;2015-01-30;00:00;;TEMP;0;;14.42;°C;Fair
KEN00060;2015-01-30;00:00;;TSS;TSS-G;;133.0;mg/l;Fair
KEN00061;2015-01-30;00:00;;TP;COL-AA-PPS;;0.327;mg/l;Fair
KEN00061;2015-01-30;00:00;;TEMP;0;;25.75;°C;Fair
KEN00061;2013-05-09;00:00;;Q-Inst;0;;24.1;m³/s;Fair
KEN00061;2013-05-09;00:00;;EC;EC-CND-FLD;;111.5;µS/cm;Fair
KEN00061;2013-05-09;00:00;;TSS;TSS-G;;140.0;mg/l;Fair
KEN00061;2015-01-30;00:00;;Q-Inst;0;;0.1611;m³/s;Fair
KEN00061;2015-01-30;00:00;;O2-Dis;O2-ISE;;6.14;mg/l;Fair
KEN00061;2015-01-30;00:00;;pH;pH-POT-insitu;;7.78;---;Fair
KEN00061;2015-01-30;00:00;;EC;EC-CND-FLD;;139.0;µS/cm;Fair
KEN00061;2015-01-30;00:00;;TURB;NEPH;;449.0;NTU;Fair
KEN00061;2015-01-30;00:00;;TDS;TDS-G-105;;70.0;mg/l;Fair
KEN00061;2013-05-09;00:00;;TURB;NEPH;;139.0;NTU;Fair
KEN00061;2013-09-05;00:00;;TDS;TDS-G-105;;56.0;mg/l;Fair
KEN00061;2015-01-30;00:00;;TN;COL-AZO-Cd-PS;;3.492;mg/l;Fair
KEN00061;2013-05-09;00:00;;TP;COL-AA-PPS;;2.052;mg/l;Fair
KEN00061;2013-09-05;00:00;;pH;pH-POT-insitu;;7.61;---;Fair
KEN00061;2015-01-30;00:00;;TSS;TSS-G;;310.0;mg/l;Fair
KEN00061;2013-05-09;00:00;;O2-Dis;O2-ISE;;7.1;mg/l;Fair
KEN00061;2013-05-09;00:00;;TEMP;0;;24.5;°C;Fair
