GEMS Station Number,Historical GEMS Number,Local Station Number,Country Name,Water Type,Station Identifier,Station Narrative,Water Body Name,Main Basin,Upstream Basin Area,Elevation,Monitoring Type,Date Station Opened,Responsible Collection Agency,Latitude,Longitude,River Width,Discharge,Max. Depth,Lake Area,Lake Volume,Average Retention,Area of Aquifer,Depth of Impermeable Lining,Production Zone,Mean Abstraction Rate,Mean Abstraction Level
NLD00373,,NL38_OKLEIWE900,Netherlands (the),Lake station,KLEINE WETERING,,,RHINE-MEUSE,,7,TREND,NaT,European Environment Agency,51.7082,5.4015,,,,,,,,,,,
NLD00374,,NL38_OLAARWL430,Netherlands (the),River station,GRAAFSE RAAM  LAGE RAAM  PEELKANAAL EA,,,RHINE-MEUSE,,11,TREND,NaT,European Environment Agency,51.6991,5.8702,,,,,,,,,,,
NLD00375,,NL38_OLACTBE880,Netherlands (the),River station,LACTARIABEEK,,,RHINE-MEUSE,,19,TREND,NaT,European Environment Agency,51.6129,5.9171,,,,,,,,,,,
NLD00376,,NL38_OLAGERA250,Netherlands (the),Lake station,LAGE RAAM GEGRAVEN,,,RHINE-MEUSE,,11,TREND,NaT,European Environment Agency,51.6631,5.8537,,,,,,,,,,,
NLD00377,,NL38_OLEIJGR840,Netherlands (the),River station,LEIJGRAAF,,,RHINE-MEUSE,,6,TREND,NaT,European Environment Agency,51.6647,5.4425,,,,,,,,,,,
KEN00026,,1GC7,Kenya,River station,Masaita at Township,,,NILE,,2273,IMPACT,NaT,,-0.16277,35.58416,,,,,,,,,,,
KEN00025,,1GC5,Kenya,River station,Masaita at Label,,,NILE,,2051,IMPACT,NaT,,-0.1971,35.53526,,,,,,,,,,,
KEN00024,,1GC4,Kenya,River station,Tugunon,,,NILE,,2003,IMPACT,NaT,,-0.25453,35.41504,,,,,,,,,,,
NLD00368,,NL38_OHERTWE900,Netherlands (the),Lake station,HERTOGSWETERING  HOEFGRAAF E A,,,RHINE-MEUSE,,2,TREND,NaT,European Environment Agency,51.7528,5.3569,,,,,,,,,,,
KEN00023,,1GC3,Kenya,River station,Kipchorian at Kipkelion,,,NILE,,1932,IMPACT,NaT,,-0.20678,35.46189,,,,,,,,,,,
NLD00369,,NL38_OHOOGRA860,Netherlands (the),River station,HALSCHE BEEK EN HOOGE RAAM,,,RHINE-MEUSE,,9,TREND,NaT,European Environment Agency,51.7363,5.7407,,,,,,,,,,,
KEN00022,,1GC1,Kenya,River station,Masaita at Londiani dam,,,NILE,,2300,IMPACT,NaT,,-0.1354,35.6017,,,,,,,,,,,
KEN00021,,1GB6/A,Kenya,River station,Mbogo,,,NILE,,1262,IMPACT,NaT,,-0.061,35.148,,,,,,,,,,,
NLD00370,,NL38_OJANSBE880,Netherlands (the),River station,ST JANSBEEK,,,RHINE-MEUSE,,10,TREND,NaT,European Environment Agency,51.6398,5.9764,,,,,,,,,,,
NLD00371,,NL38_OKIEVLO100,Netherlands (the),River station,AA  EEUWSELSE LOOP EN KIEVITSLOOP,,,RHINE-MEUSE,,26,TREND,NaT,European Environment Agency,51.3268,5.7326,,,,,,,,,,,
KEN00020,,1GB Misc,Kenya,River station,Ainopngetuny,,,NILE,,1322,IMPACT,NaT,,-0.02966,35.17945,,,,,,,,,,,
NLD00372,,NL38_OKLEIAA890,Netherlands (the),River station,KLEINE AA,,,RHINE-MEUSE,,21,TREND,NaT,European Environment Agency,51.4173,5.7002,,,,,,,,,,,
KEN00018,,1FD2,Kenya,River station,Mokong,,,NILE,,1906,IMPACT,NaT,,0.13577,35.1254,,,,,,,,,,,
KEN00017,,1FC1,Kenya,River station,Kimondi,,,NILE,,1895,IMPACT,NaT,,0.19608,35.05008,,,,,,,,,,,
NLD00056,,NL13_RO272,Netherlands (the),Lake station,RO272,,,,,,TREND,2009-01-01,,52.19971,4.65611,,,,5.29,,,,,,,
NLD00055,,NL13_RO184,Netherlands (the),Lake station,RO184,,,RHINE-MEUSE,,,TREND,2009-01-01,,52.09329,4.55877,,,,0.49,,,,,,,
NLD00054,,NL13_RO169,Netherlands (the),Lake station,RO169,,,RHINE-MEUSE,,,TREND,2009-01-01,,52.12169,4.40443,,,,0.35,,,,,,,
NLD00060,,NL13_RO308,Netherlands (the),Lake station,RO308,,,,,,TREND,2009-01-01,,52.40019,4.67428,,,,1.2,,,,,,,
NLD00059,,NL13_RO300,Netherlands (the),Lake station,RO300,,,,,,TREND,2009-01-01,,52.19176,4.51593,,,,0.93,,,,,,,
NLD00058,,NL13_RO281,Netherlands (the),Lake station,RO281,,,,,,TREND,2009-01-01,,52.24094,4.72324,,,,10.32,,,,,,,
NLD00057,,NL13_RO275,Netherlands (the),Lake station,RO275,,,,,,TREND,2009-01-01,,52.33185,4.81796,,,,1.5,,,,,,,
NLD00063,,NL13_RO436,Netherlands (the),Lake station,RO436,,,,,,TREND,2009-01-01,,52.28909,4.7951,,,,0.84,,,,,,,
NLD00062,,NL13_RO420,Netherlands (the),Lake station,RO420,,,,,,TREND,2009-01-01,,52.39871,4.58986,,,,1.22,,,,,,,
NLD00061,,NL13_RO371,Netherlands (the),Lake station,RO371,,,,,,TREND,2009-01-01,,52.13689,4.68316,,,,0.75,,,,,,,
NLD00362,,NL38_OGRAARA100,Netherlands (the),River station,GRAAFSE RAAM  LAGE RAAM  PEELKANAAL EA,,,RHINE-MEUSE,,9,TREND,NaT,European Environment Agency,51.741,5.7421,,,,,,,,,,,
NLD00363,,NL38_OGROOWE690,Netherlands (the),Lake station,GROOTE WETERING,,,RHINE-MEUSE,,6,TREND,NaT,European Environment Agency,51.7005,5.4405,,,,,,,,,,,
JPN00007,080007,,Japan,River station,Sagami River - at Samukawa,"25 km southwest of Yokohama, 60 km east of Mount Fuji",,,1605,5,IMPACT,1959-07-22,National Institute for Environmental Studies - Center for Global Environment Research,35.37222222,139.375,270,36,,,,,,,,,
NLD00364,,NL38_OGROOWE890,Netherlands (the),Lake station,GROOTE WETERING,,,RHINE-MEUSE,,5,TREND,NaT,European Environment Agency,51.6965,5.3558,,,,,,,,,,,
JPN00006,080006,,Japan,Reservoir station,Sagami Reservoir - Sagami River,"At intake, 40 km northwest of Yokohama, 50 km northeast of Mount Fuji",,,,167,IMPACT,1951-05-01,National Institute for Environmental Studies - Center for Global Environment Research,35.61361111,139.2,,,33.8,3.3,0.0632,0.035,,,,,
NLD00365,,NL38_OHEDIMA540,Netherlands (the),Lake station,LUISBROEKSCHE WETERING EN HEDIKHUIZENSCHE MAAS,,,RHINE-MEUSE,,2,TREND,NaT,European Environment Agency,51.7272,5.1896,,,,,,,,,,,
NLD00366,,NL38_OHERTWE480,Netherlands (the),Lake station,HERTOGSWETERING  HOEFGRAAF E A,,,RHINE-MEUSE,,4,TREND,NaT,European Environment Agency,51.7915,5.5438,,,,,,,,,,,
NLD00367,,NL38_OHERTWE690,Netherlands (the),Lake station,HERTOGSWETERING  HOEFGRAAF E A,,,RHINE-MEUSE,,2,TREND,NaT,European Environment Agency,51.7707,5.459,,,,,,,,,,,
KEN00036,,1JG04,Kenya,River station,Sondu Miriu at Nyakwere,,,NILE,,1148,IMPACT,NaT,,-0.34796,34.79107,,,,,,,,,,,
KEN00035,,1JF8,Kenya,River station,Kipsonoi,,,NILE,,1638,IMPACT,NaT,,-0.51478,35.07985,,,,,,,,,,,
KEN00034,,1JD3,Kenya,River station,Yurith,,,NILE,,1656,IMPACT,NaT,,-0.47814,35.08298,,,,,,,,,,,
NLD00358,,NL38_ODE_AA_680,Netherlands (the),River station,AA VAN GEMERT TOT DEN BOSCH,,,RHINE-MEUSE,,6,TREND,NaT,European Environment Agency,51.648,5.4621,,,,,,,,,,,
KEN00033,,1JC13,Kenya,River station,Kimugu,,,NILE,,1992,IMPACT,NaT,,-0.36871,35.29764,,,,,,,,,,,
JPN00004,080004,,Japan,Groundwater station,Suginami Filtration Plant,"15 km west of Tokyo, 30 m west of Zempukuji Pond",,,,45.3,IMPACT,1932-03-15,National Institute for Environmental Studies - Center for Global Environment Research,35.725,139.5916667,,,,,,,16,15.8,11.8,6500,39.3
KEN00032,,1HE1,Kenya,River station,Awach Tende,,,NILE,,1149,IMPACT,NaT,,-0.46819,34.54956,,,,,,,,,,,
NLD00359,,NL38_ODRONKA820,Netherlands (the),Lake station,DRONGELENS KANAAL,,,RHINE-MEUSE,,1,TREND,NaT,European Environment Agency,51.713,5.0742,,,,,,,,,,,
JPN00003,080003,,Japan,River station,Tone River - at Tone-Ozeki,"60 km northwest by north of Tokyo, Musashi Channel at 200 M from Tone River",,TONE,6010,22.4,IMPACT,1964-04-24,National Institute for Environmental Studies - Center for Global Environment Research,36.18055556,139.475,500,144,,,,,,,,,
KEN00031,,1HD4,Kenya,River station,Awach Kibuon,,,NILE,,1160,IMPACT,NaT,,-0.37964,34.63544,,,,,,,,,,,
NLD00360,,NL38_OGOORLO520,Netherlands (the),River station,GOORLOOP TOT AAN WILHELMINAKANAAL,,,RHINE-MEUSE,,15,TREND,NaT,European Environment Agency,51.5024,5.6128,,,,,,,,,,,
JPN00002,080002,,Japan,Groundwater station,Urawa Purification Plant,"20 km northwest by north of Tokyo, Kanto loam strudatum",,,,11,BASELINE,1966-01-06,National Institute for Environmental Studies - Center for Global Environment Research,35.85555556,139.6611111,,,,,,,,267.4,46.9,1600,
KEN00030,,1HB05,Kenya,River station,Awach Seme,,,NILE,,1212,IMPACT,NaT,,-0.09539,34.47478,,,,,,,,,,,
NLD00361,,NL38_OGOORLO740,Netherlands (the),River station,GOORLOOP  BOERDONKSE AA EN AA VAN HELMOND,,,RHINE-MEUSE,,12,TREND,NaT,European Environment Agency,51.5521,5.6151,,,,,,,,,,,
JPN00001,080001,,Japan,River station,Toyohira River - at Shiraikawa,"16 km downstream from Hoheikyo dam, 850 m downstream from gauging station",,ISHIKARI,621,149.5,IMPACT,1943-09-01,National Institute for Environmental Studies - Center for Global Environment Research,42.96333333,141.2727778,44,22,,,,,,,,,
KEN00029,,1HA9,Kenya,River station,Nyamasaria,,,NILE,,1144,IMPACT,NaT,,-0.136111,34.797222,,,,,,,,,,,
KEN00028,,1GD7,Kenya,River station,Nyando at waste Disch.,,,NILE,,1255,IMPACT,NaT,,-0.16596,35.16153,,,,,,,,,,,
KEN00027,,1GD3,Kenya,River station,Nyando at Ogilo,,,NILE,,1175,IMPACT,NaT,,-0.12571,35.00137,,,,,,,,,,,
NLD00067,,NL13_RO888,Netherlands (the),Lake station,RO888,,,,,,TREND,2009-01-01,,52.34452,4.56148,,,,2.2,,,,,,,
NLD00066,,NL13_RO886,Netherlands (the),Lake station,RO886,,,,,,TREND,2009-01-01,,52.13559,4.33526,,,,1.55,,,,,,,
NLD00065,,NL13_RO601,Netherlands (the),Lake station,RO601,,,,,,TREND,2009-01-01,,52.16081,4.4378,,,,0.57,,,,,,,
NLD00064,,NL13_RO467,Netherlands (the),Lake station,RO467,,,RHINE-MEUSE,,,TREND,2009-01-01,,52.10446,4.46622,,,,0.62,,,,,,,
NLD00071,,NL13_ROP022A04,Netherlands (the),Lake station,ROP022A04,,,RHINE-MEUSE,,,TREND,2009-01-01,,52.07301,4.49542,,,,0.53,,,,,,,
NLD00070,,NL13_ROP022A03,Netherlands (the),Lake station,ROP022A03,,,RHINE-MEUSE,,,TREND,2009-01-01,,52.08325,4.50799,,,,1.11,,,,,,,
NLD00069,,NL13_ROP01803,Netherlands (the),Lake station,ROP01803,,,RHINE-MEUSE,,,TREND,2009-01-01,,52.0531,4.75316,,,,1.75,,,,,,,
NLD00068,,NL13_ROP01101,Netherlands (the),Lake station,ROP01101,,,RHINE-MEUSE,,,TREND,2009-01-01,,52.03646,4.66024,,,,0.12,,,,,,,
NLD00073,,NL13_ROP040A04,Netherlands (the),Lake station,ROP040A04,,,RHINE-MEUSE,,,TREND,2009-01-01,,52.0647,4.67155,,,,1.84,,,,,,,
NLD00072,,NL13_ROP03706,Netherlands (the),Lake station,ROP03706,,,RHINE-MEUSE,,,TREND,2009-01-01,,52.0983,4.43618,,,,0.43,,,,,,,
NLD00395,,NL39_00054,Netherlands (the),Lake station,VAART BLEISWIJK,,,RHINE-MEUSE,,-4,TREND,NaT,European Environment Agency,51.9848,4.4992,,,,,,,,,,,
NLD00273,,NL12_609001,Netherlands (the),Lake station,WATERDELEN POLDER DRIEBAN,,,,,-1,TREND,NaT,European Environment Agency,52.6729,5.2419,,,,,,,,,,,
NLD00396,,NL39_00067,Netherlands (the),Lake station,KRALINGSE PLAS,,,RHINE-MEUSE,,-3,TREND,NaT,European Environment Agency,51.9359,4.5153,,,,,,,,,,,
NLD00272,,NL12_5N9714,Netherlands (the),Lake station,WATERDELEN PURMER,,,,,-3,TREND,NaT,European Environment Agency,52.4679,5.002,,,,,,,,,,,
NLD00397,,NL39_00130,Netherlands (the),Lake station,LAGE BERGSE BOS,,,RHINE-MEUSE,,-3,TREND,NaT,European Environment Agency,51.9666,4.5148,,,,,,,,,,,
NLD00271,,NL12_570107,Netherlands (the),Lake station,WATERDELEN POLDER ZEEVANG,,,,,-2,TREND,NaT,European Environment Agency,52.5583,4.9935,,,,,,,,,,,
NLD00043,,NL05_32_302,Netherlands (the),River station,32_302,,,VECHT,,,TREND,2009-01-01,,52.35841,7.03989,,,,,,,,,,,
NLD00270,,NL12_540012,Netherlands (the),Lake station,WATERDELEN BEEMSTER,,,,,-4,TREND,NaT,European Environment Agency,52.5621,4.8914,,,,,,,,,,,
NLD00269,,NL12_540005,Netherlands (the),Lake station,WATERDELEN BEEMSTER,,,,,-4,TREND,NaT,European Environment Agency,52.5767,4.9448,,,,,,,,,,,
NLD00268,,NL12_531003,Netherlands (the),Lake station,WATERDELEN WIJDEWORMER,,,,,-5,TREND,NaT,European Environment Agency,52.4877,4.8607,,,,,,,,,,,
NLD00388,,NL38_OTRAVER830,Netherlands (the),Lake station,ZUID WILLEMSVAART TRAVERSE HELMOND,,,RHINE-MEUSE,,16,TREND,NaT,European Environment Agency,51.5125,5.6509,,,,,,,,,,,
KEN00046,,,Kenya,Lake station,Mbita East,,,NILE,,1134,IMPACT,NaT,,-0.414338,34.2123,,,,,,,,,,,
NLD00389,,NL38_OVOBRLO820,Netherlands (the),Lake station,VOORDELDONKSE BROEKLOOP,,,RHINE-MEUSE,,25,TREND,NaT,European Environment Agency,51.3918,5.7565,,,,,,,,,,,
KEN00045,,,Kenya,Lake station,Oluch,,,NILE,,1133,IMPACT,NaT,,-0.4638,34.498,,,,,,,,,,,
NLD00390,,NL38_OZUIDWV780,Netherlands (the),Lake station,ZUID WILLEMSVAART IN DEN BOSCH,,,RHINE-MEUSE,,5,TREND,NaT,European Environment Agency,51.6809,5.368,,,,,,,,,,,
KEN00044,,,Kenya,Lake station,Homa Bay,,,NILE,,1134,IMPACT,NaT,,-0.51548,34.45807,,,,,,,,,,,
NLD00391,,NL39_00024,Netherlands (the),Lake station,RINGVAART,,,RHINE-MEUSE,,0,TREND,NaT,European Environment Agency,51.9776,4.6523,,,,,,,,,,,
NLD00277,,NL12_670105,Netherlands (the),Lake station,WATERDELEN POLDER GROOTSLAG,,,,,-3,TREND,NaT,European Environment Agency,52.7393,5.1933,,,,,,,,,,,
NLD00392,,NL39_00030,Netherlands (the),Lake station,BERGSE PLASSEN,,,RHINE-MEUSE,,-4,TREND,NaT,European Environment Agency,51.9533,4.4984,,,,,,,,,,,
KEN00043,,KL3,Kenya,Lake station,KL3,,,NILE,,1134,IMPACT,NaT,,-0.25575,34.52093,,,,,,,,,,,
NLD00276,,NL12_618002,Netherlands (the),Lake station,WATERDELEN POLDER URSEM,,,,,-2,TREND,NaT,European Environment Agency,52.6201,4.922,,,,,,,,,,,
KEN00042,,KL2,Kenya,Lake station,KL2,,,NILE,,1134,IMPACT,NaT,,-0.2231,34.66278,,,,,,,,,,,
NLD00275,,NL12_613005,Netherlands (the),Lake station,WATERDELEN POLDER WESTERKOGGE,,,,,-1,TREND,NaT,European Environment Agency,52.6248,5.0146,,,,,,,,,,,
NLD00393,,NL39_00040,Netherlands (the),Lake station,ZEVENHUIZERPLAS,,,RHINE-MEUSE,,-4,TREND,NaT,European Environment Agency,51.9788,4.5624,,,,,,,,,,,
KEN00041,,1LB2,Kenya,River station,Amala River,,,NILE,,1854,IMPACT,NaT,,-0.8988,35.4374,,,,,,,,,,,
NLD00394,,NL39_00041,Netherlands (the),Lake station,HOGE BERGSE BOS,,,RHINE-MEUSE,,-5,TREND,NaT,European Environment Agency,51.9757,4.5302,,,,,,,,,,,
NLD00274,,NL12_611006,Netherlands (the),Lake station,WATERDELEN OOSTERPOLDER,,,,,1,TREND,NaT,European Environment Agency,52.6438,5.0805,,,,,,,,,,,
KEN00040,,1LA3,Kenya,River station,Nyongores,,,NILE,,1905,IMPACT,NaT,,-0.7899,35.34664,,,,,,,,,,,
KEN00039,,1KC4,Kenya,River station,Migori at Migori Town,,,NILE,,1372,IMPACT,NaT,,-1.0662,34.47095,,,,,,,,,,,
KEN00038,,1KB05,Kenya,River station,Gucha - Migori at Wathong'er,,,NILE,,1149,IMPACT,NaT,,-0.95012,34.20985,,,,,,,,,,,
KEN00037,,1JG05,Kenya,River station,Sondu at Sondu Shops,,,NILE,,1506,IMPACT,NaT,,-0.39506,35.01588,,,,,,,,,,,
NLD00034,,NL05_15_012,Netherlands (the),River station,15_012,,,VECHT,,,TREND,2009-01-01,,52.30705,6.7182,,,,,,,,,,,
CZE00012,,CZPLA_12,Czechia,River station,NEMCICE,,,ELBE,,,TREND,1967-01-12,,50.0949,15.80681,,,,,,,,,,,
NLD00038,,NL05_20_008,Netherlands (the),River station,20_008,,,VECHT,,,TREND,2009-01-01,,52.21923,6.58901,,,,,,,,,,,
CZE00015,,CZPLA_240,Czechia,River station,LYSÁ (MS),,,ELBE,,,TREND,1992-06-16,,50.18077,14.83531,,,,,,,,,,,
NLD00037,,NL05_16_003,Netherlands (the),River station,16_003,,,VECHT,,,TREND,2009-01-01,,52.31843,6.78968,,,,,,,,,,,
CZE00016,,CZPLA_312,Czechia,River station,DAŠICE,,,ELBE,,,TREND,2000-01-24,,50.03668,15.90668,,,,,,,,,,,
NLD00036,,NL05_16_001,Netherlands (the),River station,16_001,,,VECHT,,,TREND,2009-01-01,,52.33823,6.73477,,,,,,,,,,,
CZE00013,,CZPLA_2,Czechia,River station,DEBRNÉ,,,ELBE,,,TREND,1967-01-12,,50.49545,15.73345,,,,,,,,,,,
NLD00035,,NL05_15_099,Netherlands (the),River station,15_099,,,VECHT,,,TREND,2009-01-01,,52.33124,6.72909,,,,,,,,,,,
CZE00014,,CZPLA_200,Czechia,Lake station,PRED ÚSTÍM DO NÁDRŽE,,,ELBE,,,TREND,2006-01-01,,49.91011,15.22153,,,,0.88,,,,,,,
NLD00042,,NL05_30_001,Netherlands (the),River station,30_001,,,VECHT,,,TREND,2009-01-01,,52.42419,6.95853,,,,,,,,,,,
CZE00019,,CZPLA_58,Czechia,River station,NEMOŠICE,,,ELBE,,,TREND,1981-01-21,,50.01489,15.79626,,,,,,,,,,,
NLD00041,,NL05_20_235,Netherlands (the),River station,20_235,,,VECHT,,,TREND,2009-01-01,,52.2518,6.82918,,,,,,,,,,,
NLD00040,,NL05_20_037,Netherlands (the),River station,20_037,,,VECHT,,,TREND,2009-01-01,,52.21821,6.62646,,,,,,,,,,,
CZE00017,,CZPLA_45,Czechia,River station,LUKOVÁ,,,ELBE,,,TREND,1978-01-11,,50.19173,15.49524,,,,,,,,,,,
NLD00039,,NL05_20_010,Netherlands (the),River station,20_010,,,VECHT,,,TREND,2009-01-01,,52.2435,6.67653,,,,,,,,,,,
CZE00018,,CZPLA_5,Czechia,River station,JAROMER,,,ELBE,,,TREND,1967-01-12,,50.35607,15.93125,,,,,,,,,,,
NLD00384,,NL38_OPEELLO890,Netherlands (the),River station,PEELSE LOOP,,,RHINE-MEUSE,,12,TREND,NaT,European Environment Agency,51.5738,5.6589,,,,,,,,,,,
NLD00262,,NL12_4N0806,Netherlands (the),Lake station,WATERDELEN DUINGEBIED ZUID NHN,,,,,5,TREND,NaT,European Environment Agency,52.6748,4.6359,,,,,,,,,,,
NLD00385,,NL38_OSNELLO810,Netherlands (the),River station,ESPERLOOP EN SNELLE LOOP,,,RHINE-MEUSE,,12,TREND,NaT,European Environment Agency,51.5533,5.6596,,,,,,,,,,,
NLD00261,,NL12_4N0804,Netherlands (the),Lake station,WATERDELEN WESTERDUINEN  EN  PWN,,,,,3,TREND,NaT,European Environment Agency,52.5488,4.6191,,,,,,,,,,,
NLD00386,,NL38_OTEEFWE900,Netherlands (the),Lake station,HERTOGSWETERING  HOEFGRAAF E A,,,RHINE-MEUSE,,3,TREND,NaT,European Environment Agency,51.7971,5.5126,,,,,,,,,,,
NLD00260,,NL12_485101,Netherlands (the),Lake station,WATERDELEN DE SCHERMER NOORD,,,,,-4,TREND,NaT,European Environment Agency,52.6069,4.8832,,,,,,,,,,,
NLD00387,,NL38_OTOCHSL800,Netherlands (the),River station,TOCHTSLOOT,,,RHINE-MEUSE,,9,TREND,NaT,European Environment Agency,51.7438,5.7857,,,,,,,,,,,
NLD00259,,NL12_480110,Netherlands (the),Lake station,WATERRIJK EILANDSPOLDER,,,,,-2,TREND,NaT,European Environment Agency,52.5898,4.8869,,,,,,,,,,,
NLD00258,,NL12_475104,Netherlands (the),Lake station,WATERDELEN POLDER ASSENDELFT  NW,,,,,-2,TREND,NaT,European Environment Agency,52.486,4.7703,,,,,,,,,,,
NLD00378,,NL38_OLOONVA100,Netherlands (the),Lake station,NIEUWE LOONSE VAART,,,RHINE-MEUSE,,4,TREND,NaT,European Environment Agency,51.6709,5.1383,,,,,,,,,,,
KEN00056,,,Kenya,Lake station,Gucha R/M,,,NILE,,1134,IMPACT,NaT,,-0.91571,34.12747,,,,,,,,,,,
NLD00379,,NL38_OLORRGR700,Netherlands (the),Lake station,LORREGRAAF EN ANDERE M1 WATERLOPEN,,,RHINE-MEUSE,,1,TREND,NaT,European Environment Agency,51.7732,5.3988,,,,,,,,,,,
NLD00267,,NL12_531002,Netherlands (the),Lake station,WATERDELEN WIJDEWORMER,,,,,-5,TREND,NaT,European Environment Agency,52.5075,4.8876,,,,,,,,,,,
KEN00055,,,Kenya,Lake station,Nyamasaria R/M,,,NILE,,1136,IMPACT,NaT,,-0.1472,34.73843,,,,,,,,,,,
NLD00380,,NL38_OOEFFRA850,Netherlands (the),River station,OEFFELTSCHE RAAM EA,,,RHINE-MEUSE,,11,TREND,NaT,European Environment Agency,51.7044,5.9432,,,,,,,,,,,
NLD00266,,NL12_528011,Netherlands (the),Lake station,WATERRIJK WORMER  EN JISPERVELD,,,,,-2,TREND,NaT,European Environment Agency,52.5154,4.8638,,,,,,,,,,,
KEN00054,,,Kenya,Lake station,Nyando RM,,,NILE,,1134,IMPACT,NaT,,-0.27653,34.8433,,,,,,,,,,,
NLD00381,,NL38_OPEELKA100,Netherlands (the),Lake station,PEELKANAAL EN DEFENSIEKANAAL EA,,,RHINE-MEUSE,,25,TREND,NaT,European Environment Agency,51.5664,5.8386,,,,,,,,,,,
NLD00265,,NL12_519003,Netherlands (the),Lake station,WATERRIJK WATERLAND,,,,,-2,TREND,NaT,European Environment Agency,52.4796,4.9391,,,,,,,,,,,
KEN00053,,KL1,Kenya,Lake station,KL1,,,NILE,,1134,IMPACT,NaT,,-0.11928,34.72128,,,,,,,,,,,
NLD00382,,NL38_OPEELKA450,Netherlands (the),Lake station,PEELKANAAL EN DEFENSIEKANAAL EA,,,RHINE-MEUSE,,20,TREND,NaT,European Environment Agency,51.6127,5.768,,,,,,,,,,,
NLD00264,,NL12_517017,Netherlands (the),Lake station,WATERRIJK WATERLAND,,,,,0,TREND,NaT,European Environment Agency,52.4434,5.0482,,,,,,,,,,,
KEN00052,,KL4,Kenya,Lake station,KL4,,,NILE,,1134,IMPACT,NaT,,-0.38098,34.38002,,,,,,,,,,,
NLD00383,,NL38_OPEELKA650,Netherlands (the),Lake station,PEELKANAAL EN DEFENSIEKANAAL EA,,,RHINE-MEUSE,,16,TREND,NaT,European Environment Agency,51.6618,5.739,,,,,,,,,,,
NLD00263,,NL12_4N0807,Netherlands (the),Lake station,WATERDELEN POLDERS BERGERMEER,,,,,1,TREND,NaT,European Environment Agency,52.6483,4.734,,,,,,,,,,,
KEN00051,,KL5,Kenya,Lake station,KL5,,,NILE,,1134,IMPACT,NaT,,-0.35207,34.23885,,,,,,,,,,,
KEN00050,,,Kenya,Lake station,Awach Seme,,,NILE,,1134,IMPACT,NaT,,-0.18035,34.41877,,,,,,,,,,,
KEN00049,,,Kenya,Lake station,Yala R/M,,,NILE,,1134,IMPACT,NaT,,-0.06145,34.03603,,,,,,,,,,,
KEN00048,,,Kenya,Lake station,KISAT - R/MOUTH,,,NILE,,1138,IMPACT,NaT,,-0.08737,34.74858,,,,,,,,,,,
NLD00045,,NL05_36_001,Netherlands (the),River station,36_001,,,VECHT,,,TREND,2009-01-01,,52.435,6.97208,,,,,,,,,,,
KEN00047,,,Kenya,Lake station,Asembo Bay,,,NILE,,1134,IMPACT,NaT,,-0.20491,34.396,,,,,,,,,,,
NLD00044,,NL05_34_033,Netherlands (the),River station,34_033,,,VECHT,,,TREND,2009-01-01,,52.43414,6.94787,,,,,,,,,,,
NLD00049,,NL05_40_219,Netherlands (the),River station,40_219,,,VECHT,,,TREND,2009-01-01,,52.27117,7.02917,,,,,,,,,,,
NLD00048,,NL05_40_019,Netherlands (the),River station,40_019,,,VECHT,,,TREND,2009-01-01,,52.24028,6.992,,,,,,,,,,,
NLD00047,,NL05_40_004,Netherlands (the),River station,40_004,,,VECHT,,,TREND,2009-01-01,,52.2356,7.00394,,,,,,,,,,,
NLD00046,,NL05_37_300,Netherlands (the),River station,37_300,,,VECHT,,,TREND,2009-01-01,,52.39463,6.96401,,,,,,,,,,,
NLD00053,,NL13_RO092A,Netherlands (the),Lake station,RO092A,,,,,,TREND,2009-01-01,,52.1281,4.57474,,,,4.95,,,,,,,
NLD00052,,NL13_RO058,Netherlands (the),Lake station,RO058,,,,,,TREND,2009-01-01,,52.20898,4.53785,,,,4.19,,,,,,,
NLD00051,,NL13_RO012,Netherlands (the),Lake station,RO012,,,,,,TREND,2009-01-01,,52.37014,4.67176,,,,4.1,,,,,,,
NLD00050,,NL05_41_001,Netherlands (the),River station,41_001,,,VECHT,,,TREND,2009-01-01,,52.24409,7.0385,,,,,,,,,,,
NLD00023,,NL05_02_202,Netherlands (the),River station,02_202,,,VECHT,,,TREND,2009-01-01,,52.33596,6.49326,,,,,,,,,,,
NLD00022,,NL05_02_027,Netherlands (the),River station,02_027,,,VECHT,,,TREND,2009-01-01,,52.31423,6.56345,,,,,,,,,,,
NLD00143,,NL93_VURN,Netherlands (the),River station,VURN,,,RHINE-MEUSE,,,TREND,2009-01-01,,51.81549,5.04031,,,,,,,,,,,
NLD00021,,NL05_02_004,Netherlands (the),River station,02_004,,,VECHT,,,TREND,2009-01-01,,52.4132,6.48585,,,,,,,,,,,
NLD00142,,NL93_LOBPTN,Netherlands (the),River station,LOBPTN,,,RHINE-MEUSE,,,TREND,2009-01-01,,51.85421,6.09118,,,,,,,,,,,
NLD00016,,NL04_LVE85,Netherlands (the),River station,LVE85,,,VECHT,,,TREND,2009-01-01,,52.51818,6.21283,,,,,,,,,,,
NLD00137,,NL92_VROUWZD,Netherlands (the),Lake station,VROUWZD,,,,,,TREND,2009-01-01,,52.81035,5.39314,,,,1148.95,,,,,,,
NLD00136,,NL92_VELWMMDN,Netherlands (the),Lake station,VELWMMDN,,,,,,TREND,2009-01-01,,52.40065,5.67784,,,,64.88,,,,,,,
NLD00135,,NL92_RAMSDP,Netherlands (the),Lake station,RAMSDP,,,VECHT,,,TREND,2009-01-01,,52.63006,5.93171,,,,21.19,,,,,,,
NLD00134,,NL92_MARKMMDN,Netherlands (the),Lake station,MARKMMDN,,,,,,TREND,2009-01-01,,52.52669,5.21937,,,,699.44,,,,,,,
NLD00020,,NL05_01_300,Netherlands (the),River station,01_300,,,VECHT,,,TREND,2009-01-01,,52.51097,6.39154,,,,,,,,,,,
NLD00141,,NL93_KAMPN,Netherlands (the),River station,KAMPN,,,VECHT,,,TREND,2009-01-01,,52.55382,5.92391,,,,,,,,,,,
NLD00019,,NL05_01_004,Netherlands (the),River station,01_004,,,VECHT,,,TREND,2009-01-01,,52.46882,6.45168,,,,,,,,,,,
NLD00140,,NL93_HAGSN,Netherlands (the),River station,HAGSN,,,RHINE-MEUSE,,,TREND,2009-01-01,,51.99113,5.13655,,,,,,,,,,,
NLD00018,,NL05_01_003,Netherlands (the),River station,01_003,,,VECHT,,,TREND,2009-01-01,,52.47285,6.47234,,,,,,,,,,,
NLD00139,,NL93_GENMDN,Netherlands (the),River station,GENMDN,,,VECHT,,,TREND,2009-01-01,,52.62972,6.03856,,,,,,,,,,,
NLD00138,,NL93_EEFDBVN,Netherlands (the),Lake station,EEFDBVN,,,VECHT,,,TREND,2009-01-01,,52.16043,6.23773,,,,4.15,,,,,,,
NLD00017,,NL04_SNZ60,Netherlands (the),Lake station,SNZ60,,,VECHT,,,TREND,2009-01-01,,52.40516,6.38237,,,,0.01,,,,,,,
NLD00033,,NL05_14_002,Netherlands (the),River station,14_002,,,VECHT,,,TREND,2009-01-01,,52.34403,6.75176,,,,,,,,,,,
NLD00032,,NL05_10_023,Netherlands (the),River station,10_023,,,VECHT,,,TREND,2009-01-01,,52.31976,6.57945,,,,,,,,,,,
RWA00010,,Gicu1,Rwanda,River station,Gicumbi,,,NILE,,1453,IMPACT,NaT,,-1.802063,30.177454,,,,,,,,,,,
RWA00009,,Gas2,Rwanda,River station,Gasabo2,,,NILE,,1408,IMPACT,NaT,,-1.942272,30.034111,,,,,,,,,,,
RWA00008,,Gas1,Rwanda,River station,Gasabo1,,,NILE,,1528,IMPACT,NaT,,-1.792106,30.154362,,,,,,,,,,,
RWA00007,,Gak2,Rwanda,River station,Gakenke2,,,NILE,,1480,IMPACT,NaT,,-1.735729,29.695662,,,,,,,,,,,
RWA00006,,Gak1,Rwanda,River station,Gakenke1,,,NILE,,1434,IMPACT,NaT,,-1.732934,29.654602,,,,,,,,,,,
RWA00005,,Buge5,Rwanda,Lake station,Bugesera5,,,NILE,,1363,IMPACT,NaT,,-2.345766,30.03082,,,,,,,,,,,
RWA00004,,Buge4,Rwanda,Lake station,Bugesera4,,,NILE,,1325,IMPACT,NaT,,-2.343389,30.301765,,,,,,,,,,,
RWA00003,,Buge3,Rwanda,River station,Bugesera3,,,NILE,,1343,IMPACT,NaT,,-2.062439,30.087294,,,,,,,,,,,
RWA00002,,Buge2,Rwanda,River station,Bugesera2,,,NILE,,1347,IMPACT,NaT,,-2.074557,30.017881,,,,,,,,,,,
RWA00001,,Buge1,Rwanda,River station,Bugesera1,,,NILE,,1347,IMPACT,NaT,,-2.074557,30.017881,,,,,,,,,,,
NLD00144,,NL93_WIENE,Netherlands (the),Lake station,WIENE,,,VECHT,,,TREND,2009-01-01,,52.23708,6.64185,,,,4.15,,,,,,,
NLD00027,,NL05_06_006,Netherlands (the),River station,06_006,,,VECHT,,,TREND,2009-01-01,,52.43931,6.70657,,,,,,,,,,,
NLD00148,,NL94_KEIZVR,Netherlands (the),River station,KEIZVR,,,RHINE-MEUSE,,,TREND,2009-01-01,,51.72019,4.89444,,,,,,,,,,,
NLD00026,,NL05_06_005,Netherlands (the),River station,06_005,,,VECHT,,,TREND,2009-01-01,,52.43587,6.70935,,,,,,,,,,,
NLD00147,,NL94_GOUDVHVN,Netherlands (the),River station,GOUDVHVN,,,RHINE-MEUSE,,,TREND,2009-01-01,,51.99672,4.69118,,,,,,,,,,,
NLD00025,,NL05_06_003,Netherlands (the),River station,06_003,,,VECHT,,,TREND,2009-01-01,,52.43322,6.71583,,,,,,,,,,,
NLD00146,,NL94_BRAKL,Netherlands (the),River station,BRAKL,,,RHINE-MEUSE,,,TREND,2009-01-01,,51.79409,5.05308,,,,,,,,,,,
NLD00024,,NL05_03_001,Netherlands (the),River station,03_001,,,VECHT,,,TREND,2009-01-01,,52.30677,6.58573,,,,,,,,,,,
NLD00145,,NL94_BOVSS,Netherlands (the),River station,BOVSS,,,,,,TREND,2009-01-01,,51.69246,4.49338,,,,,,,,,,,
NLD00031,,NL05_09_002,Netherlands (the),River station,09_002,,,VECHT,,,TREND,2009-01-01,,52.37604,6.71269,,,,,,,,,,,
NLD00030,,NL05_08_005,Netherlands (the),Lake station,08_005,,,VECHT,,,TREND,2009-01-01,,52.42469,6.60005,,,,0.01,,,,,,,
NLD00029,,NL05_08_001,Netherlands (the),Lake station,08_001,,,VECHT,,,TREND,2009-01-01,,52.43754,6.56736,,,,0.11,,,,,,,
NLD00028,,NL05_07_001,Netherlands (the),River station,07_001,,,VECHT,,,TREND,2009-01-01,,52.46692,6.4577,,,,,,,,,,,
NLD00149,,NL94_PUTTHK,Netherlands (the),River station,PUTTHK,,,RHINE-MEUSE,,,TREND,2009-01-01,,51.81165,4.56599,,,,,,,,,,,
NLD00123,,NL89_SASVGT,Netherlands (the),Lake station,SASVGT,,,,,,TREND,2009-01-01,,51.21029,3.80222,,,,3.94,,,,,,,
NLD00122,,NL89_OESTDM,Netherlands (the),Lake station,OESTDM,,,,,,TREND,2009-01-01,,51.47393,4.22706,,,,16.63,,,,,,,
NLD00121,,NL89_DREISR,Netherlands (the),Lake station,DREISR,,,,,,TREND,2009-01-01,,51.71462,3.99933,,,,139.31,,,,,,,
NLD00120,,NL87_IJMDN1,Netherlands (the),Lake station,IJMDN1,,,,,,TREND,2009-01-01,,52.46601,4.62201,,,,21.83,,,,,,,
RWA00020,,Nyag3,Rwanda,River station,Nyagatare3,,,NILE,,1276,IMPACT,NaT,,-1.062417,30.466984,,,,,,,,,,,
RWA00019,,Nyag2,Rwanda,River station,Nyagatare2,,,NILE,,1278,IMPACT,NaT,,-1.056124,30.471406,,,,,,,,,,,
RWA00018,,Nyag1,Rwanda,River station,Nyagatare1,,,NILE,,1350,IMPACT,NaT,,-1.300853,30.318563,,,,,,,,,,,
RWA00017,,Nyab,Rwanda,River station,Nyabihu,,,NILE,,2321,IMPACT,NaT,,-1.619115,29.504706,,,,,,,,,,,
RWA00016,,Mus4,Rwanda,River station,Musanze4,,,NILE,,1784,IMPACT,NaT,,-1.525919,29.704415,,,,,,,,,,,
RWA00015,,Mus3,Rwanda,River station,Musanze3,,,NILE,,1649,IMPACT,NaT,,-1.543123,29.645334,,,,,,,,,,,
RWA00014,,Mus2,Rwanda,River station,Musanze2,,,NILE,,1652,IMPACT,NaT,,-1.535823,29.64566,,,,,,,,,,,
RWA00013,,Muh1,Rwanda,River station,Muhanga1,,,NILE,,1421,IMPACT,NaT,,-1.738298,29.659662,,,,,,,,,,,
RWA00012,,Kir,Rwanda,River station,Kirehe,,,NILE,,1358,IMPACT,NaT,,-2.382871,30.78326,,,,,,,,,,,
RWA00011,,Kay,Rwanda,Lake station,Kayonza,,,NILE,,1459,IMPACT,NaT,,-1.826181,30.455913,,,,,,,,,,,
NLD00115,,NL36_OWM_017M,Netherlands (the),Lake station,OWM_017M,,,VECHT,,,TREND,2009-01-01,,52.61802,6.48154,,,,0.02,,,,,,,
NLD00114,,NL36_OWM_016M,Netherlands (the),Lake station,OWM_016M,,,VECHT,,,TREND,2009-01-01,,52.57436,6.60836,,,,0.01,,,,,,,
NLD00119,,NL87_AMSDM,Netherlands (the),Lake station,AMSDM,,,,,,TREND,2009-01-01,,52.37953,4.90889,,,,21.83,,,,,,,
NLD00118,,NL86_NIEUWSS,Netherlands (the),Lake station,NIEUWSS,,,,,,TREND,2009-01-01,,52.20443,5.00143,,,,6.65,,,,,,,
NLD00117,,NL86_NIEUWGN,Netherlands (the),Lake station,NIEUWGN,,,RHINE-MEUSE,,,TREND,2009-01-01,,52.02273,5.11301,,,,6.65,,,,,,,
NLD00116,,NL36_OWM_018M,Netherlands (the),Lake station,OWM_018M,,,VECHT,,,TREND,2009-01-01,,52.66394,6.64559,,,,0.01,,,,,,,
NLD00133,,NL92_KETMWT,Netherlands (the),Lake station,KETMWT,,,VECHT,,,TREND,2009-01-01,,52.60919,5.65419,,,,42.36,,,,,,,
NLD00132,,NL92_EEMMDK23,Netherlands (the),Lake station,EEMMDK23,,,,,,TREND,2009-01-01,,52.27875,5.35511,,,,42.92,,,,,,,
NLD00131,,NL92_ANDK,Netherlands (the),Lake station,ANDK,,,,,,TREND,2009-01-01,,52.75052,5.26502,,,,1148.95,,,,,,,
KEN00016,,1EF2,Kenya,River station,Nzoia at Rwamba,,,NILE,,1146,IMPACT,NaT,,0.12128,34.091,,,,,,,,,,,
KEN00015,,1EB2,Kenya,River station,Isiukhu,,,NILE,,1483,IMPACT,NaT,,0.25458,34.75048,,,,,,,,,,,
KEN00014,,1DB1,Kenya,River station,Kamukuywa,,,NILE,,1645,IMPACT,NaT,,0.78388,34.80341,,,,,,,,,,,
KEN00013,,1DA2,Kenya,River station,Nzoia at Webuye,,,NILE,,1458,IMPACT,NaT,,0.58412,34.80091,,,,,,,,,,,
KEN00012,,1CC3,Kenya,River station,Olare Onyoike,,,NILE,,2023,IMPACT,NaT,,0.39486,35.19924,,,,,,,,,,,
RWA00025,,Rwama,Rwanda,Lake station,Rwamagana,,,NILE,,1332,IMPACT,NaT,,-2.096062,30.326515,,,,,,,,,,,
RWA00024,,Rul,Rwanda,River station,Rulindo,,,NILE,,1402,IMPACT,NaT,,-1.866393,30.088991,,,,,,,,,,,
RWA00023,,Nyarug3,Rwanda,River station,Nyarugenge3,,,NILE,,1357,IMPACT,NaT,,-1.961777,30.003425,,,,,,,,,,,
RWA00022,,Nyarug2,Rwanda,River station,Nyarugenge2,,,NILE,,1358,IMPACT,NaT,,-1.941533,29.998776,,,,,,,,,,,
RWA00021,,Nyarug1,Rwanda,River station,Nyarugenge1,,,NILE,,1371,IMPACT,NaT,,-1.947465,30.02148,,,,,,,,,,,
NLD00126,,NL90_NEDWT,Netherlands (the),Lake station,NEDWT,,,RHINE-MEUSE,,,TREND,2009-01-01,,51.27284,5.74975,,,,7.76,,,,,,,
NLD00125,,NL89_STEENBGN,Netherlands (the),Lake station,STEENBGN,,,,,,TREND,2009-01-01,,51.6412,4.24228,,,,63.17,,,,,,,
NLD00124,,NL89_SOELKKPDOT,Netherlands (the),Lake station,SOELKKPDOT,,,,,,TREND,2009-01-01,,51.54221,3.73082,,,,41.86,,,,,,,
NLD00130,,NL91_STEVWT,Netherlands (the),River station,STEVWT,,,RHINE-MEUSE,,,TREND,2009-01-01,,51.13211,5.84236,,,,,,,,,,,
NLD00129,,NL91_HEEL,Netherlands (the),River station,HEEL,,,RHINE-MEUSE,,,TREND,2009-01-01,,51.18757,5.92716,,,,,,,,,,,
NLD00128,,NL91_EIJSDPTN,Netherlands (the),River station,EIJSDPTN,,,RHINE-MEUSE,,,TREND,2009-01-01,,50.7795,5.69911,,,,,,,,,,,
NLD00127,,NL91_BELFBVN,Netherlands (the),River station,BELFBVN,,,RHINE-MEUSE,,,TREND,2009-01-01,,51.3186,6.11333,,,,,,,,,,,
CZE00069,,CZPVL_2454,Czechia,River station,R DEHTAR NAD,,,ELBE,,418,TREND,NaT,European Environment Agency,48.99269,14.30897,,,,,,,,,,,
CZE00068,,CZPVL_2365,Czechia,River station,HOBSOVICE,,,ELBE,,209,TREND,NaT,European Environment Agency,50.27145,14.16519,,,,,,,,,,,
CZE00067,,CZPVL_2100,Czechia,River station,BLAZEJOVICKY P PR ZELIVKY -BLAZEJOVICE POD,,,ELBE,,431,TREND,NaT,European Environment Agency,49.61406,15.20748,,,,,,,,,,,
CZE00076,,CZPVL_3380,Czechia,River station,RADBUZA-HOLYSOV POD,,,ELBE,,354,TREND,NaT,European Environment Agency,49.60737,13.09773,,,,,,,,,,,
CZE00075,,CZPVL_3312,Czechia,River station,SAZAVA-SAZAVA DOLNI HAMRY,,,ELBE,,511,TREND,NaT,European Environment Agency,49.56084,15.86025,,,,,,,,,,,
CZE00074,,CZPVL_3230,Czechia,River station,PRICHOVICKY POTOK-PRICHOVICE,,,ELBE,,357,TREND,NaT,European Environment Agency,49.56064,13.34043,,,,,,,,,,,
CZE00073,,CZPVL_3228,Czechia,River station,TOCNICKY POTOK-KOKSIN,,,ELBE,,404,TREND,NaT,European Environment Agency,49.46634,13.28767,,,,,,,,,,,
CZE00072,,CZPVL_3227,Czechia,River station,POLENKA-DOLANY,,,ELBE,,381,TREND,NaT,European Environment Agency,49.44403,13.2506,,,,,,,,,,,
CZE00071,,CZPVL_2962,Czechia,River station,SKALICE-BREZNICE POD,,,ELBE,,460,TREND,NaT,European Environment Agency,49.54632,13.97569,,,,,,,,,,,
CZE00070,,CZPVL_2950,Czechia,River station,LOMNICE-MLADY SMOLIVEC,,,ELBE,,507,TREND,NaT,European Environment Agency,49.50138,13.73983,,,,,,,,,,,
NLD00152,,NL02_0099,Netherlands (the),River station,TJONGER MIDDENLOOP,,,,,4,TREND,NaT,European Environment Agency,52.9823,6.1814,,,,,,,,,,,
CZE00058,,CZPLA_42,Czechia,River station,VES U CERNOUS,,,ODER/ODRA,,232,TREND,NaT,European Environment Agency,51.01481,15.0327,,,,,,,,,,,
CZE00057,,CZPLA_41,Czechia,River station,HRADEK NAD NISOU,,,ODER/ODRA,,246,TREND,NaT,European Environment Agency,50.85455,14.82354,,,,,,,,,,,
NLD00151,,NL02_0075,Netherlands (the),Lake station,SNEEKERMEERGEBIED E O,,,,,-2,TREND,NaT,European Environment Agency,53.0341,5.752,,,,,,,,,,,
NLD00150,,NL02_0033,Netherlands (the),Lake station,FRIESE BOEZEM   GROTE DIEPE KANALEN,,,,,0,TREND,NaT,European Environment Agency,53.185,5.9893,,,,,,,,,,,
CZE00066,,CZPVL_1080,Czechia,River station,PLZEN DOUDLEVCE,,,ELBE,,314,TREND,NaT,European Environment Agency,49.7196,13.39252,,,,,,,,,,,
CZE00065,,CZPVL_1072,Czechia,River station,PLZEN ROUDNA,,,ELBE,,306,TREND,NaT,European Environment Agency,49.75059,13.37559,,,,,,,,,,,
CZE00064,,CZPVL_1049,Czechia,River station,VESELI N LUZNICI,,,ELBE,,411,TREND,NaT,European Environment Agency,49.17723,14.69774,,,,,,,,,,,
NLD00157,,NL05_02_039,Netherlands (the),River station,MIDDEN REGGE,,,VECHT,,7,TREND,NaT,European Environment Agency,52.3951,6.4706,,,,,,,,,,,
CZE00063,,CZPVL_1048,Czechia,River station,ROUDNE,,,ELBE,,393,TREND,NaT,European Environment Agency,48.93443,14.48968,,,,,,,,,,,
NLD00156,,NL05_02_037,Netherlands (the),River station,MIDDEN REGGE,,,VECHT,,5,TREND,NaT,European Environment Agency,52.4353,6.4474,,,,,,,,,,,
CZE00062,,CZPVL_0099,Czechia,Reservoir station,VN SVIHOV HRAZ SMESNY,,,ELBE,,383,TREND,NaT,European Environment Agency,49.7249,15.09061,,,,,,,,,,,
NLD00155,,NL05_01_026,Netherlands (the),River station,MIDDEN REGGE,,,VECHT,,6,TREND,NaT,European Environment Agency,52.4481,6.4393,,,,,,,,,,,
NLD00154,,NL05_01_009,Netherlands (the),River station,BENEDEN REGGE,,,VECHT,,8,TREND,NaT,European Environment Agency,52.5056,6.4042,,,,,,,,,,,
CZE00060,,CZPMO_DPPVA007,Czechia,River station,DACICE,,,DANUBE,,465,TREND,NaT,European Environment Agency,49.0794,15.44066,,,,,,,,,,,
CZE00059,,CZPLA_7,Czechia,River station,HRADEC KRALOVE,,,ELBE,,234,TREND,NaT,European Environment Agency,50.2132,15.82777,,,,,,,,,,,
NLD00153,,NL02_0221,Netherlands (the),Lake station,LAAGVEENPLASSEN FRIESLAND,,,,,-1,TREND,NaT,European Environment Agency,53.0228,5.9164,,,,,,,,,,,
CZE00056,,CZPLA_325,Czechia,River station,NAD SKUHROVEM,,,ELBE,,460,TREND,NaT,European Environment Agency,50.23826,16.31446,,,,,,,,,,,
CZE00091,,CZPVL_9614,Czechia,River station,VLASENICKY DVUR,,,ELBE,,528,TREND,NaT,European Environment Agency,49.4244,15.16355,,,,,,,,,,,
CZE00090,,CZPVL_9603,Czechia,River station,KRUSICANY POD,,,ELBE,,283,TREND,NaT,European Environment Agency,49.80616,14.60164,,,,,,,,,,,
CZE00089,,CZPVL_9434,Czechia,River station,HRADISTE POD,,,ELBE,,463,TREND,NaT,European Environment Agency,49.43602,13.7927,,,,,,,,,,,
CZE00088,,CZPVL_9432,Czechia,River station,MYSLIN,,,ELBE,,454,TREND,NaT,European Environment Agency,49.53841,14.02603,,,,,,,,,,,
CZE00087,,CZPVL_9431,Czechia,River station,LUCKOVICE POD,,,ELBE,,417,TREND,NaT,European Environment Agency,49.43876,14.00818,,,,,,,,,,,
CZE00080,,CZPVL_4600,Czechia,River station,BRTNA ZELIV,,,ELBE,,420,TREND,NaT,European Environment Agency,49.52749,15.21576,,,,,,,,,,,
CZE00079,,CZPVL_4200,Czechia,River station,PORICI,,,ELBE,,401,TREND,NaT,European Environment Agency,49.53676,15.19972,,,,,,,,,,,
CZE00078,,CZPVL_4005,Czechia,River station,TOPELEC,,,ELBE,,370,TREND,NaT,European Environment Agency,49.35052,14.14456,,,,,,,,,,,
CZE00077,,CZPVL_4004,Czechia,River station,BECHYNE,,,ELBE,,389,TREND,NaT,European Environment Agency,49.28842,14.47062,,,,,,,,,,,
CZE00086,,CZPVL_9214,Czechia,River station,PYSKOCELY,,,ELBE,,287,TREND,NaT,European Environment Agency,49.88255,14.85983,,,,,,,,,,,
CZE00085,,CZPVL_9207,Czechia,River station,VLASENICE,,,ELBE,,532,TREND,NaT,European Environment Agency,49.4189,15.16842,,,,,,,,,,,
CZE00084,,CZPVL_6900,Czechia,River station,PELHRIMOV POD PORIC DVUR,,,ELBE,,473,TREND,NaT,European Environment Agency,49.46258,15.23711,,,,,,,,,,,
CZE00083,,CZPVL_5600,Czechia,River station,KLETECNA MILOTICE,,,ELBE,,467,TREND,NaT,European Environment Agency,49.49985,15.28206,,,,,,,,,,,
CZE00082,,CZPVL_5049,Czechia,River station,NABDIN,,,ELBE,,197,TREND,NaT,European Environment Agency,50.27917,14.20173,,,,,,,,,,,
CZE00081,,CZPVL_5032,Czechia,River station,TYNEC N SAZAVOU,,,ELBE,,293,TREND,NaT,European Environment Agency,49.82879,14.5871,,,,,,,,,,,
BDI00006,,11044,Burundi,River station,Nyabaha - Mubuga,,,NILE,,1481,IMPACT,NaT,,-3.3906,30.0514,,,,,,,,,,,
BDI00005,,11042,Burundi,River station,Ruvyironza - Kibaya,,,NILE,,1504,IMPACT,NaT,,-3.3172,29.9167,,,,,,,,,,,
BDI00004,,11040,Burundi,River station,Ruvyironza - Muyange,,,NILE,,1578,IMPACT,NaT,,-3.5125,29.8483,,,,,,,,,,,
BDI00003,,11039,Burundi,River station,Ndurumu - Shombo,,,NILE,,1512,IMPACT,NaT,,-3.2097,30.0458,,,,,,,,,,,
BDI00002,,11031,Burundi,River station,Ruvubu - MUYINGA,,,NILE,,1355,IMPACT,NaT,,-2.9844,30.4729,,,,,,,,,,,
KEN00061,,,Kenya,River station,Awach Kano,,,NILE,,1152,IMPACT,NaT,,-0.23398,34.95709,,,,,,,,,,,
KEN00060,,,Kenya,River station,Kedowa River,,,NILE,,2121,IMPACT,NaT,,-0.23426,35.54472,,,,,,,,,,,
KEN00059,,,Kenya,Lake station,BRIDGE ISLAND,,,NILE,,1134,IMPACT,NaT,,-0.35106,34.11435,,,,,,,,,,,
KEN00058,,KP3,Kenya,Lake station,KP3,,,NILE,,1134,IMPACT,NaT,,-0.90612,34.06543,,,,,,,,,,,
KEN00057,,KL6,Kenya,Lake station,KL6,,,NILE,,1133,IMPACT,NaT,,-0.011867,33.97638,,,,,,,,,,,
JPN00022,080022,,Japan,River station,Shimanto River - Gudo,Middle of Shimanto River bridge in Nakamura City,,,1812,10,TREND,1961-01-01,National Institute for Environmental Studies - Center for Global Environment Research,32.98527778,132.9283333,45,120,,,,,,,,,
JPN00021,080021,,Japan,River station,Yoshino River - at Takase,2.7 km from intake of Tokushima City waterworks,,,3215,4.6,TREND,1992-09-01,National Institute for Environmental Studies - Center for Global Environment Research,34.09805556,134.4261111,137,55,,,,,,,,,
JPN00020,080020,,Japan,Lake station,Lake Biwa - South Center,"Center of south basin, 2 km off Karasaki",,YODO,,85.6,TREND,1971-04-01,National Institute for Environmental Studies - Center for Global Environment Research,35.04111111,135.8961111,,,12,670.5,27.5,5.5,,,,,
JPN00019,080019,,Japan,Lake station,Lake Biwa - North Center,"Center of north basin, 2 km off Chikubu-Shima",,YODO,,85.6,TREND,1971-04-01,National Institute for Environmental Studies - Center for Global Environment Research,35.39166667,136.1352778,,,103.6,670.5,27.5,5.5,,,,,
JPN00011,080011,,Japan,River station,Kiso River - at Asahi,"21 km northwest of Nagoya, 30 km upstram from mouth",,KISO,4956,3.5,IMPACT,1942-01-01,National Institute for Environmental Studies - Center for Global Environment Research,35.27944444,136.7186111,522,378,,,,,,,,,
CZE00055,,CZPLA_25,Czechia,River station,PRISOVICE,,,ELBE,,242,TREND,NaT,European Environment Agency,50.57129,15.06074,,,,,,,,,,,
JPN00010,080010,,Japan,River station,Kiso River - at Inuyama,"25 km north of Nagoya, 60 km upstream from mouth",,KISO,4684,36.5,IMPACT,1933-01-01,National Institute for Environmental Studies - Center for Global Environment Research,35.395,136.9636111,127,398,,,,,,,,,
CZE00054,,CZPLA_24,Czechia,River station,SPALOV,,,ELBE,,321,TREND,NaT,European Environment Agency,50.63419,15.30005,,,,,,,,,,,
JPN00016,080016,,Japan,Lake station,Lake Mashu - Deepest Point,"Deepest point, 212M in depth, 1 km from island of central volcanic cone. NIES - GEMS/Water Japan",,,,351,BASELINE,1981-06-27,National Institute for Environmental Studies - Center for Global Environment Research,43.58777778,144.5308333,,,212.2,19.6,2.9,84,,,,,
JPN00014,080014,,Japan,River station,Ohta River - at Hesaka,"9.2 km upstream from mouth, 2.4 km downstream from gauging station",,,1523,5.6,IMPACT,1958-06-08,National Institute for Environmental Studies - Center for Global Environment Research,34.43694444,132.4905556,120,43,,,,,,,,,
JPN00013,080013,,Japan,River station,Yodo River - at Hirakata Bridge,"26 km upstream from mouthat center of flow, same as gauging station",,YODO,7280,6.9,IMPACT,1929-01-01,National Institute for Environmental Studies - Center for Global Environment Research,34.8,135.6327778,140,295,,,,,,,,,
JPN00015,080015,,Japan,River station,Shinano River - at Kyuzogoya,"6 km southwest by south of Niigata, 11 km upstream from mouth",,,11670,0.8,FLUX,1969-06-21,National Institute for Environmental Studies - Center for Global Environment Research,37.86666667,139.0333333,150,282,,,,,,,,,
NLD00257,,NL12_440020,Netherlands (the),Lake station,WATERRIJK POLDER WESTZAAN,,,,,0,TREND,NaT,European Environment Agency,52.4365,4.8216,,,,,,,,,,,
NLD00256,,NL12_438006,Netherlands (the),Lake station,WATERRIJK KROMMENIEER WOUDPOLDER,,,,,-2,TREND,NaT,European Environment Agency,52.5246,4.7633,,,,,,,,,,,
NLD00255,,NL12_429005,Netherlands (the),Lake station,WATERDELEN CASTRICUMMERPOLDER,,,,,0,TREND,NaT,European Environment Agency,52.5362,4.7146,,,,,,,,,,,
NLD00254,,NL12_423002,Netherlands (the),Lake station,WATERDELEN GROOT LIMMERPOLDER,,,,,-1,TREND,NaT,European Environment Agency,52.5506,4.7268,,,,,,,,,,,
NLD00253,,NL12_417007,Netherlands (the),Lake station,WATERDELEN OOSTERZIJPOLDER,,,,,-1,TREND,NaT,European Environment Agency,52.6069,4.7595,,,,,,,,,,,
NLD00252,,NL12_411001,Netherlands (the),Lake station,WATERDELEN POLDERS EGMONDERMEER,,,,,-2,TREND,NaT,European Environment Agency,52.6414,4.7003,,,,,,,,,,,
NLD00251,,NL12_406001,Netherlands (the),Lake station,WATERDELEN VERENIGDE POLDERS,,,,,-1,TREND,NaT,European Environment Agency,52.6797,4.7355,,,,,,,,,,,
NLD00250,,NL12_380103,Netherlands (the),Lake station,WATERRIJK POLDER OOSTERDEL,,,,,1,TREND,NaT,European Environment Agency,52.6856,4.8119,,,,,,,,,,,
NLD00249,,NL12_315014,Netherlands (the),Lake station,WATERDELEN POLDER HEERHUGOWAARD,,,,,-2,TREND,NaT,European Environment Agency,52.6562,4.8378,,,,,,,,,,,
NLD00248,,NL12_280201,Netherlands (the),Lake station,WATERDELEN ANNA PAULOWNAPOLDER LAAG,,,,,-3,TREND,NaT,European Environment Agency,52.8621,4.8378,,,,,,,,,,,
NLD00247,,NL12_280113,Netherlands (the),Lake station,WATERDELEN ANNA PAULOWNAPOLDER HOOG,,,,,-2,TREND,NaT,European Environment Agency,52.8864,4.8707,,,,,,,,,,,
NLD00246,,NL12_204002,Netherlands (the),Lake station,WATERDELEN DUINGEBIED NOORD NHN,,,,,3,TREND,NaT,European Environment Agency,52.8235,4.7042,,,,,,,,,,,
NLD00245,,NL12_171202,Netherlands (the),Lake station,WATERDELEN AMSTELMEERBOEZEM,,,,,1,TREND,NaT,European Environment Agency,52.9325,4.7928,,,,,,,,,,,
NLD00244,,NL12_158202,Netherlands (the),Lake station,WATERDELEN SCHERMERBOEZEM ZUID,,,,,2,TREND,NaT,European Environment Agency,52.4406,4.8245,,,,,,,,,,,
NLD00243,,NL12_135802,Netherlands (the),Lake station,WATERDELEN SCHERMERBOEZEM NOORD,,,,,3,TREND,NaT,European Environment Agency,52.9458,4.788,,,,,,,,,,,
NLD00242,,NL12_135302,Netherlands (the),Lake station,WATERDELEN SCHERMERBOEZEM NOORD,,,,,1,TREND,NaT,European Environment Agency,52.7865,4.7076,,,,,,,,,,,
NLD00241,,NL12_135201,Netherlands (the),Lake station,WATERDELEN SCHERMERBOEZEM NOORD,,,,,0,TREND,NaT,European Environment Agency,52.7078,4.7163,,,,,,,,,,,
NLD00240,,NL12_135105,Netherlands (the),Lake station,GEESTMERAMBACHT,,,,,0,TREND,NaT,European Environment Agency,52.6912,4.7687,,,,,,,,,,,
NLD00239,,NL12_104303,Netherlands (the),Lake station,WATERDELEN SCHERMERBOEZEM ZUID,,,,,-2,TREND,NaT,European Environment Agency,52.5485,4.9757,,,,,,,,,,,
NLD00238,,NL12_071006,Netherlands (the),Lake station,AMSTELMEER,,,,,-1,TREND,NaT,European Environment Agency,52.8747,4.9238,,,,,,,,,,,
NLD00101,,NL36_OWM_001M,Netherlands (the),Lake station,OWM_001M,,,VECHT,,,TREND,2009-01-01,,52.7353,6.72019,,,,0.39,,,,,,,
NLD00217,,NL11_AMSTELLANDBOEZEM,Netherlands (the),Lake station,AMSTELLANDBOEZEM,,,,,0,TREND,NaT,European Environment Agency,52.2315,4.8312,,,,,,,,,,,
NLD00100,,NL15_OW907-010,Netherlands (the),Lake station,OW907-010,,,,,,TREND,2009-01-01,,52.04656,4.20018,,,,0.11,,,,,,,
NLD00099,,NL15_OW221A013,Netherlands (the),Lake station,OW221A013,,,RHINE-MEUSE,,,TREND,2009-01-01,,51.98718,4.39351,,,,0.01,,,,,,,
NLD00216,,NL07_ZWA01,Netherlands (the),Lake station,WIJDEWETERING ZEVENAARSEWETERING,,,VECHT,,9,TREND,NaT,European Environment Agency,51.9931,6.0722,,,,,,,,,,,
NLD00098,,NL15_OW202-000,Netherlands (the),Lake station,OW202-000,,,RHINE-MEUSE,,,TREND,2009-01-01,,51.97672,4.43033,,,,0.02,,,,,,,
NLD00215,,NL07_ZOB03,Netherlands (the),River station,ZODDEBEEK,,,VECHT,,34,TREND,NaT,European Environment Agency,52.1426,6.7937,,,,,,,,,,,
NLD00214,,NL07_WLB00,Netherlands (the),River station,RATUMSEBEEK WILLINKBEEK,,,VECHT,,46,TREND,NaT,European Environment Agency,51.9637,6.8051,,,,,,,,,,,
NLD00213,,NL07_WAW01,Netherlands (the),Lake station,WAALSE WATER,,,VECHT,,11,TREND,NaT,European Environment Agency,51.9237,6.2904,,,,,,,,,,,
NLD00103,,NL36_OWM_004M,Netherlands (the),River station,OWM_004M,,,VECHT,,,TREND,2009-01-01,,52.67203,6.79841,,,,,,,,,,,
NLD00212,,NL07_VEG02,Netherlands (the),Lake station,VEENGOOT,,,VECHT,,11,TREND,NaT,European Environment Agency,52.0943,6.2753,,,,,,,,,,,
NLD00102,,NL36_OWM_002M,Netherlands (the),River station,OWM_002M,,,VECHT,,,TREND,2009-01-01,,52.65169,6.77781,,,,,,,,,,,
NLD00211,,NL07_VAL01,Netherlands (the),River station,VIERAKKERSELAAK,,,VECHT,,6,TREND,NaT,European Environment Agency,52.1145,6.2174,,,,,,,,,,,
NLD00332,,NL33_6617,Netherlands (the),Lake station,OLDAMBTMEER,,,EMS,,-1,TREND,NaT,European Environment Agency,53.1711,7.0293,,,,,,,,,,,
NLD00333,,NL33_7101,Netherlands (the),Lake station,KANAAL FIEMEL,,,EMS,,-3,TREND,NaT,European Environment Agency,53.2995,7.0735,,,,,,,,,,,
NLD00334,,NL33_7208,Netherlands (the),Lake station,KANAAL FIEMEL,,,EMS,,-3,TREND,NaT,European Environment Agency,53.2636,7.0576,,,,,,,,,,,
NLD00335,,NL34_1309,Netherlands (the),Lake station,NO KUSTPOLDERS,,,EMS,,1,TREND,NaT,European Environment Agency,53.4307,6.865,,,,,,,,,,,
NLD00336,,NL34_2120,Netherlands (the),River station,REITDIEP KOMMERZIJL,,,,,-2,TREND,NaT,European Environment Agency,53.3372,6.2973,,,,,,,,,,,
NLD00337,,NL34_2230,Netherlands (the),Lake station,LAUWERSMEER,,,,,-1,TREND,NaT,European Environment Agency,53.3754,6.1646,,,,,,,,,,,
NLD00328,,NL33_5101,Netherlands (the),Lake station,KANALEN DUURSWOLD,,,EMS,,-1,TREND,NaT,European Environment Agency,53.319,6.9269,,,,,,,,,,,
NLD00329,,NL33_5253,Netherlands (the),Lake station,SCHILDMEER,,,EMS,,-1,TREND,NaT,European Environment Agency,53.2717,6.8262,,,,,,,,,,,
NLD00330,,NL33_6103,Netherlands (the),Lake station,KANALEN OLDAMBT,,,EMS,,-3,TREND,NaT,European Environment Agency,53.286,7.0147,,,,,,,,,,,
NLD00331,,NL33_6222,Netherlands (the),Lake station,HONDSHALSTERMEER,,,EMS,,-4,TREND,NaT,European Environment Agency,53.2568,6.9539,,,,,,,,,,,
NLD00210,,NL07_SBK90,Netherlands (the),River station,SCHIPBEEK,,,VECHT,,7,TREND,NaT,European Environment Agency,52.2387,6.2334,,,,,,,,,,,
NLD00209,,NL07_RTB01,Netherlands (the),River station,RATUMSEBEEK WILLINKBEEK,,,VECHT,,32,TREND,NaT,European Environment Agency,51.9866,6.7117,,,,,,,,,,,
NLD00208,,NL07_RMB03,Netherlands (the),River station,RAMSBEEK,,,VECHT,,26,TREND,NaT,European Environment Agency,52.0866,6.6924,,,,,,,,,,,
NLD00097,,NL15_OW111-000,Netherlands (the),Lake station,OW111-000,,,RHINE-MEUSE,,,TREND,2009-01-01,,51.95086,4.32649,,,,0.01,,,,,,,
NLD00096,,NL15_OW062-008,Netherlands (the),Lake station,OW062-008,,,RHINE-MEUSE,,,TREND,2009-01-01,,51.93946,4.41955,,,,0.16,,,,,,,
NLD00095,,NL15_OW062-002,Netherlands (the),Lake station,OW062-002,,,RHINE-MEUSE,,,TREND,2009-01-01,,51.99179,4.37087,,,,0.16,,,,,,,
NLD00094,,NL15_OW058-001,Netherlands (the),Lake station,OW058-001,,,,,,TREND,2009-01-01,,52.02337,4.16415,,,,0.25,,,,,,,
NLD00207,,NL07_OWV01,Netherlands (the),River station,OOSTERWIJKSEVLOED,,,VECHT,,14,TREND,NaT,European Environment Agency,52.0784,6.2411,,,,,,,,,,,
NLD00112,,NL36_OWM_014M,Netherlands (the),River station,OWM_014M,,,VECHT,,,TREND,2009-01-01,,52.6116,6.73889,,,,,,,,,,,
NLD00206,,NL07_OUS02,Netherlands (the),River station,OUDE SCHIPBEEK GROTEBOERSWTG,,,VECHT,,9,TREND,NaT,European Environment Agency,52.2538,6.336,,,,,,,,,,,
NLD00111,,NL36_OWM_013M,Netherlands (the),Lake station,OWM_013M,,,VECHT,,,TREND,2009-01-01,,52.59814,6.72076,,,,0.01,,,,,,,
NLD00205,,NL07_OIJ00,Netherlands (the),River station,OUDE IJSSEL,,,VECHT,,14,TREND,NaT,European Environment Agency,51.8651,6.3899,,,,,,,,,,,
NLD00110,,NL36_OWM_012M,Netherlands (the),River station,OWM_012M,,,VECHT,,,TREND,2009-01-01,,52.57858,6.66897,,,,,,,,,,,
NLD00204,,NL07_ODR01,Netherlands (the),Lake station,OUDE RIJN,,,RHINE-MEUSE,,10,TREND,NaT,European Environment Agency,51.9099,6.0364,,,,,,,,,,,
NLD00109,,NL36_OWM_011M,Netherlands (the),River station,OWM_011M,,,VECHT,,,TREND,2009-01-01,,52.5512,6.62276,,,,,,,,,,,
NLD00203,,NL07_MEB01,Netherlands (the),Lake station,MEIBEEK NIEUWE WATERLEIDING,,,VECHT,,16,TREND,NaT,European Environment Agency,52.0906,6.4889,,,,,,,,,,,
NLD00202,,NL07_LEB01,Netherlands (the),River station,LEERINKBEEK,,,VECHT,,15,TREND,NaT,European Environment Agency,52.1087,6.5341,,,,,,,,,,,
NLD00201,,NL07_KEB02,Netherlands (the),River station,KEIZERSBEEK,,,VECHT,,13,TREND,NaT,European Environment Agency,51.8799,6.4117,,,,,,,,,,,
NLD00200,,NL07_KEB01,Netherlands (the),River station,KEIZERSBEEK,,,VECHT,,20,TREND,NaT,European Environment Agency,51.9116,6.5304,,,,,,,,,,,
NLD00113,,NL36_OWM_015M,Netherlands (the),Lake station,OWM_015M,,,VECHT,,,TREND,2009-01-01,,52.53143,6.63989,,,,0.02,,,,,,,
NLD00321,,NL33_2103,Netherlands (the),River station,DRENTSCHE AA,,,,,0,TREND,NaT,European Environment Agency,53.1057,6.6345,,,,,,,,,,,
NLD00322,,NL33_3101,Netherlands (the),Lake station,KANALEN HUNZE EN VEENKOLONIEN,,,EMS,,3,TREND,NaT,European Environment Agency,52.9668,7.0069,,,,,,,,,,,
NLD00323,,NL33_3211,Netherlands (the),Lake station,KANALEN HUNZE EN VEENKOLONIEN,,,EMS,,0,TREND,NaT,European Environment Agency,53.0852,6.8995,,,,,,,,,,,
NLD00324,,NL33_4101,Netherlands (the),River station,HUNZE,,,EMS,,0,TREND,NaT,European Environment Agency,53.1104,6.71,,,,,,,,,,,
NLD00325,,NL33_4102,Netherlands (the),Lake station,EEMSKANAAL  EN  WINSCHOTERDIEP,,,EMS,,0,TREND,NaT,European Environment Agency,53.3205,6.9164,,,,,,,,,,,
NLD00326,,NL33_4604,Netherlands (the),Lake station,ZUIDLAARDERMEER,,,EMS,,-1,TREND,NaT,European Environment Agency,53.1277,6.6915,,,,,,,,,,,
NLD00327,,NL33_4628,Netherlands (the),Lake station,EEMSKANAAL  EN  WINSCHOTERDIEP,,,EMS,,-2,TREND,NaT,European Environment Agency,53.3113,6.8843,,,,,,,,,,,
NLD00318,,NL33_1106,Netherlands (the),River station,WESTERWOLDSE AA ZUID  EN  RUITEN AA  EN  RUNDE,,,EMS,,-1,TREND,NaT,European Environment Agency,53.0887,7.0762,,,,,,,,,,,
NLD00319,,NL33_1295,Netherlands (the),River station,MUSSEL AA  EN  PAGEDIEP,,,EMS,,1,TREND,NaT,European Environment Agency,53.027,7.0459,,,,,,,,,,,
NLD00320,,NL33_2102,Netherlands (the),Lake station,NOORD WILLEMSKANAAL,,,,,1,TREND,NaT,European Environment Agency,53.2076,6.5614,,,,,,,,,,,
NLD00199,,NL07_GRS20,Netherlands (the),River station,GROENLOSE SLINGE,,,VECHT,,17,TREND,NaT,European Environment Agency,52.1198,6.4934,,,,,,,,,,,
NLD00104,,NL36_OWM_005M,Netherlands (the),River station,OWM_005M,,,VECHT,,,TREND,2009-01-01,,52.73079,6.79971,,,,,,,,,,,
NLD00198,,NL07_GRK11,Netherlands (the),Lake station,GRENSKANAAL,,,RHINE-MEUSE,,13,TREND,NaT,European Environment Agency,51.8691,6.2272,,,,,,,,,,,
NLD00108,,NL36_OWM_010M,Netherlands (the),River station,OWM_010M,,,VECHT,,,TREND,2009-01-01,,52.67363,6.75322,,,,,,,,,,,
NLD00107,,NL36_OWM_009M,Netherlands (the),River station,OWM_009M,,,VECHT,,,TREND,2009-01-01,,52.68545,6.73376,,,,,,,,,,,
NLD00106,,NL36_OWM_007M,Netherlands (the),Lake station,OWM_007M,,,VECHT,,,TREND,2009-01-01,,52.74326,6.86143,,,,0.01,,,,,,,
NLD00105,,NL36_OWM_006M,Netherlands (the),River station,OWM_006M,,,VECHT,,,TREND,2009-01-01,,52.7615,6.83937,,,,,,,,,,,
NLD00079,,NL13_ROP11920,Netherlands (the),Lake station,ROP11920,,,,,,TREND,2009-01-01,,52.07292,4.73332,,,,0.21,,,,,,,
NLD00078,,NL13_ROP11307,Netherlands (the),Lake station,ROP11307,,,RHINE-MEUSE,,,TREND,2009-01-01,,52.02807,4.78187,,,,1.05,,,,,,,
NLD00077,,NL13_ROP096A1A,Netherlands (the),Lake station,ROP096A1A,,,RHINE-MEUSE,,,TREND,2009-01-01,,52.0877,4.51478,,,,0.22,,,,,,,
NLD00076,,NL13_ROP09504,Netherlands (the),Lake station,ROP09504,,,,,,TREND,2009-01-01,,52.19353,4.72286,,,,1.64,,,,,,,
NLD00237,,NL12_002002,Netherlands (the),Lake station,WATERDELEN SCHERMERBOEZEM ZUID,,,,,-2,TREND,NaT,European Environment Agency,52.6017,5.0115,,,,,,,,,,,
NLD00236,,NL12_001003,Netherlands (the),Lake station,ALKMAARDERMEER,,,,,-1,TREND,NaT,European Environment Agency,52.5579,4.7531,,,,,,,,,,,
NLD00083,,NL13_ROP16101,Netherlands (the),Lake station,ROP16101,,,,,,TREND,2009-01-01,,52.21482,4.71014,,,,0.08,,,,,,,
NLD00082,,NL13_ROP15004,Netherlands (the),Lake station,ROP15004,,,,,,TREND,2009-01-01,,52.16285,4.66492,,,,0.12,,,,,,,
NLD00235,,NL11_WATERLEIDINGPLAS,Netherlands (the),Lake station,WATERLEIDINGPLAS,,,,,-2,TREND,NaT,European Environment Agency,52.2135,5.0481,,,,,,,,,,,
NLD00081,,NL13_ROP14323,Netherlands (the),Lake station,ROP14323,,,,,,TREND,2009-01-01,,52.19673,4.64301,,,,0.64,,,,,,,
NLD00234,,NL11_VINKEVEENSEPLASSEN,Netherlands (the),Lake station,VINKEVEENSE PLASSEN,,,,,-2,TREND,NaT,European Environment Agency,52.2386,4.9447,,,,,,,,,,,
NLD00080,,NL13_ROP13409,Netherlands (the),Lake station,ROP13409,,,RHINE-MEUSE,,,TREND,2009-01-01,,52.02921,4.75974,,,,8.29,,,,,,,
NLD00233,,NL11_VECHT,Netherlands (the),Lake station,VECHT,,,,,-1,TREND,NaT,European Environment Agency,52.2688,5.0265,,,,,,,,,,,
NLD00354,,NL38_OBAKEAA400,Netherlands (the),River station,BAKELSE AA  OUDE AA EN KAWEISE LOOP,,,RHINE-MEUSE,,19,TREND,NaT,European Environment Agency,51.4975,5.7025,,,,,,,,,,,
NLD00355,,NL38_OBEEKGR880,Netherlands (the),Lake station,BEEKGRAAF,,,RHINE-MEUSE,,7,TREND,NaT,European Environment Agency,51.6316,5.5277,,,,,,,,,,,
NLD00356,,NL38_OBEEKLO890,Netherlands (the),River station,BEEKERLOOP,,,RHINE-MEUSE,,20,TREND,NaT,European Environment Agency,51.422,5.7063,,,,,,,,,,,
NLD00357,,NL38_OBOSSSL870,Netherlands (the),Lake station,BOSSCHE SLOOT EN VLIJMENSCH VENSCHE HOOFDLOOP,,,RHINE-MEUSE,,2,TREND,NaT,European Environment Agency,51.6742,5.2233,,,,,,,,,,,
NLD00348,,NL37_AOT32KRW,Netherlands (the),Lake station,TOCHTEN LAGE AFDELING NOP,,,,,-4,TREND,NaT,European Environment Agency,52.7318,5.6598,,,,,,,,,,,
NLD00349,,NL37_BUV95KRW,Netherlands (the),Lake station,VAARTEN NOP,,,,,-3,TREND,NaT,European Environment Agency,52.6579,5.6144,,,,,,,,,,,
NLD00350,,NL37_QKM12KRW,Netherlands (the),Lake station,VOLLENHOVER  EN KADOELERMEER,,,VECHT,,0,TREND,NaT,European Environment Agency,52.6582,5.9812,,,,,,,,,,,
NLD00351,,NL38_OAFSLSC500,Netherlands (the),Lake station,MUNSCHE WETERING,,,RHINE-MEUSE,,6,TREND,NaT,European Environment Agency,51.7646,5.658,,,,,,,,,,,
NLD00352,,NL38_OANTHLO810,Netherlands (the),Lake station,ST ANTHONISLOOP,,,RHINE-MEUSE,,8,TREND,NaT,European Environment Agency,51.6919,5.8269,,,,,,,,,,,
NLD00353,,NL38_OASTEAA860,Netherlands (the),River station,ASTENSE AA EN SOELOOP,,,RHINE-MEUSE,,21,TREND,NaT,European Environment Agency,51.4387,5.7182,,,,,,,,,,,
NLD00232,,NL11_VAARTENVECHTSTREEK,Netherlands (the),Lake station,VAARTEN VECHTSTREEK,,,,,-1,TREND,NaT,European Environment Agency,52.2681,5.1223,,,,,,,,,,,
NLD00231,,NL11_VAARTENRONDEHOEP,Netherlands (the),Lake station,VAARTEN RONDE HOEP,,,,,-4,TREND,NaT,European Environment Agency,52.272,4.9042,,,,,,,,,,,
NLD00230,,NL11_VAARTENGROOTMIJDREC,Netherlands (the),Lake station,VAARTEN GROOT MIJDRECHT,,,,,-6,TREND,NaT,European Environment Agency,52.2239,4.9043,,,,,,,,,,,
NLD00229,,NL11_VAARTENAMSTERDAM,Netherlands (the),Lake station,VAARTEN AMSTERDAM,,,,,5,TREND,NaT,European Environment Agency,52.3642,4.9021,,,,,,,,,,,
NLD00075,,NL13_ROP09412,Netherlands (the),Lake station,ROP09412,,,,,,TREND,2009-01-01,,52.15297,4.79542,,,,8.2,,,,,,,
CZE00052,,CZPVL_7800,Czechia,River station,SAMŠÍN (OVCÍN),,,ELBE,,,IMPACT,1995-01-01,,49.49356,15.07903,,,,,,,,,,,
NLD00228,,NL11_TUSSENBOEZEMA,Netherlands (the),Lake station,TUSSENBOEZEM VINKEVEEN A,,,,,-2,TREND,NaT,European Environment Agency,52.2066,4.9375,,,,,,,,,,,
CZE00053,,CZPVL_8964,Czechia,River station,OSTROVSKÝ P.(PR.SÁZAVY)-ZRUC N.SÁZAVOU,,,ELBE,,,IMPACT,2002-01-01,,49.74212,15.10416,,,,,,,,,,,
NLD00074,,NL13_ROP0931A,Netherlands (the),Lake station,ROP0931A,,,,,,TREND,2009-01-01,,52.15964,4.72882,,,,0.33,,,,,,,
CZE00050,,CZPVL_5031,Czechia,River station,PORÍCÍ N.SÁZAVOU,,,ELBE,,,IMPACT,1996-01-01,,49.83955,14.67992,,,,,,,,,,,
NLD00090,,NL14_20932,Netherlands (the),Lake station,20932,,,RHINE-MEUSE,,,TREND,2009-01-01,,52.00357,4.79104,,,,0.11,,,,,,,
NLD00089,,NL14_20910,Netherlands (the),Lake station,20910,,,,,,TREND,2009-01-01,,52.05448,5.1014,,,,0.08,,,,,,,
NLD00088,,NL13_ROP30614,Netherlands (the),Lake station,ROP30614,,,,,,TREND,2009-01-01,,52.41158,4.73277,,,,0.06,,,,,,,
NLD00227,,NL11_TERRANOVA,Netherlands (the),Lake station,TERRA NOVA,,,,,0,TREND,NaT,European Environment Agency,52.2177,5.0406,,,,,,,,,,,
NLD00087,,NL13_ROP24213,Netherlands (the),Lake station,ROP24213,,,,,,TREND,2009-01-01,,52.11732,4.54647,,,,0.33,,,,,,,
NLD00226,,NL11_STICHTSANKEVEEN,Netherlands (the),Lake station,STICHTSE ANKEVEENSE PLASSEN,,,,,-1,TREND,NaT,European Environment Agency,52.2695,5.0818,,,,,,,,,,,
JPN00026,080026,,Japan,Lake station,Lake Kasumigaura - Station 9,"3.3 km off Tamatsukuri (Lake Center), Ibaraki Prefecture",,TONE,,0.2,TREND,1977-04-01,National Institute for Environmental Studies - Center for Global Environment Research,36.04305556,140.4116667,,,7.3,220,0.8,0.6,,,,,
NLD00225,,NL11_STERENZODDEN,Netherlands (the),Lake station,STER EN ZODDEN,,,,,2,TREND,NaT,European Environment Agency,52.1977,5.1039,,,,,,,,,,,
JPN00025,080025,,Japan,Lake station,Lake Kasumigaura - Station 3,1.3 km off Tamatsukuri Ibaraki Prefecture,,TONE,,0.2,TREND,1977-04-01,National Institute for Environmental Studies - Center for Global Environment Research,36.11972222,140.3902778,,,7.3,220,0.8,0.6,,,,,
NLD00093,,NL15_OW043-002,Netherlands (the),Lake station,OW043-002,,,,,,TREND,2009-01-01,,52.08235,4.27608,,,,0.16,,,,,,,
NLD00224,,NL11_SPIEGELPLAS,Netherlands (the),Lake station,SPIEGELPLAS,,,,,-1,TREND,NaT,European Environment Agency,52.2684,5.0591,,,,,,,,,,,
NLD00223,,NL11_OUDERKERKERPLAS,Netherlands (the),Lake station,OUDERKERKERPLAS,,,,,-4,TREND,NaT,European Environment Agency,52.2902,4.9307,,,,,,,,,,,
NLD00092,,NL15_OW021-003,Netherlands (the),Lake station,OW021-003,,,RHINE-MEUSE,,,TREND,2009-01-01,,51.92358,4.28091,,,,0.25,,,,,,,
NLD00222,,NL11_NOORDERIJPLAS,Netherlands (the),Lake station,NOORDER IJPLAS,,,,,0,TREND,NaT,European Environment Agency,52.4241,4.8642,,,,,,,,,,,
NLD00091,,NL15_OW004-001,Netherlands (the),Lake station,OW004-001,,,RHINE-MEUSE,,,TREND,2009-01-01,,52.0107,4.2987,,,,0.25,,,,,,,
NLD00343,,NL37_00535KRW,Netherlands (the),Lake station,TOCHTEN J,,,VECHT,,-5,TREND,NaT,European Environment Agency,52.5709,5.6939,,,,,,,,,,,
NLD00344,,NL37_00540KRW,Netherlands (the),Lake station,TOCHTEN H,,,,,-5,TREND,NaT,European Environment Agency,52.5033,5.5906,,,,,,,,,,,
NLD00345,,NL37_00541KRW,Netherlands (the),Lake station,TOCHTEN H,,,,,-6,TREND,NaT,European Environment Agency,52.5227,5.5902,,,,,,,,,,,
NLD00346,,NL37_00586KRW,Netherlands (the),Lake station,TOCHTEN ABC1,,,,,-4,TREND,NaT,European Environment Agency,52.414,5.6726,,,,,,,,,,,
NLD00347,,NL37_ACV90KRW,Netherlands (the),Lake station,TOCHTEN LAGE AFDELING NOP,,,,,-4,TREND,NaT,European Environment Agency,52.7604,5.7505,,,,,,,,,,,
NLD00338,,NL34_4122,Netherlands (the),River station,REITDIEP KOMMERZIJL,,,,,0,TREND,NaT,European Environment Agency,53.3273,6.4254,,,,,,,,,,,
NLD00339,,NL34_5527,Netherlands (the),Lake station,PATERSWOLDSEMEER,,,,,-1,TREND,NaT,European Environment Agency,53.163,6.5778,,,,,,,,,,,
NLD00340,,NL37_00003KRW,Netherlands (the),Lake station,TOCHTEN FGIK,,,,,-6,TREND,NaT,European Environment Agency,52.4255,5.421,,,,,,,,,,,
NLD00341,,NL37_00524KRW,Netherlands (the),Lake station,VAARTEN HOGE AFDELING ZOF,,,,,-2,TREND,NaT,European Environment Agency,52.3715,5.6133,,,,,,,,,,,
NLD00342,,NL37_00532KRW,Netherlands (the),Lake station,VAARTEN LAGE AFDELING ZOF,,,VECHT,,-3,TREND,NaT,European Environment Agency,52.5751,5.7519,,,,,,,,,,,
NLD00221,,NL11_NAARDERMEER,Netherlands (the),Lake station,NAARDERMEER,,,,,-1,TREND,NaT,European Environment Agency,52.2989,5.1193,,,,,,,,,,,
NLD00220,,NL11_HOLLANDSANKEVEEN,Netherlands (the),Lake station,HOLLANDS ANKEVEENSE PLASSEN,,,,,-1,TREND,NaT,European Environment Agency,52.2731,5.091,,,,,,,,,,,
NLD00219,,NL11_GROTEMAARSSEVEENSEP,Netherlands (the),Lake station,GROTE MAARSSEVEENSE PLAS,,,,,-1,TREND,NaT,European Environment Agency,52.1414,5.0876,,,,,,,,,,,
JPN00028,080028,,Japan,River station,Sagami River - at Benten Bridge,0.8 km downstream of Sagami Reservoir Dam,,,1016,5,TREND,1995-04-10,National Institute for Environmental Studies - Center for Global Environment Research,35.61944444,139.2025,37.5,32,,,,,,,,,
NLD00218,,NL11_BOTSHOL,Netherlands (the),Lake station,BOTSHOL,,,,,-3,TREND,NaT,European Environment Agency,52.2506,4.9242,,,,,,,,,,,
JPN00027,080027,,Japan,Lake station,Lake Kasumigaura - Station 12,"1.0 km off Asd, Ibaraki Prefecture",,TONE,,0.2,TREND,1977-04-01,National Institute for Environmental Studies - Center for Global Environment Research,35.97777778,140.4813889,,,7.3,220,0.8,0.6,,,,,
NLD00086,,NL13_ROP21706,Netherlands (the),Lake station,ROP21706,,,,,,TREND,2009-01-01,,52.29861,4.83893,,,,0.77,,,,,,,
NLD00085,,NL13_ROP18068,Netherlands (the),Lake station,ROP18068,,,,,,TREND,2009-01-01,,52.34651,4.75147,,,,1.46,,,,,,,
JPN00032,080032,,Japan,Lake station,Lake Mikata,,,,,0,TREND,2016-03-22,National Institute for Environmental Studies - Center for Environmental Biology and Ecosystem,35.56777778,135.8816667,,,5.8,3.6,,,,,,,
NLD00084,,NL13_ROP16911,Netherlands (the),Lake station,ROP16911,,,,,,TREND,2009-01-01,,52.13086,4.70515,,,,0.15,,,,,,,
NLD00174,,NL05_20_092,Netherlands (the),River station,BOVEN REGGE,,,VECHT,,12,TREND,NaT,European Environment Agency,52.2069,6.5441,,,,,,,,,,,
NLD00417,,NL43_289880KRW,Netherlands (the),Lake station,NOORDERWETERING,,,,,-1,TREND,NaT,European Environment Agency,52.2593,5.3474,,,,,,,,,,,
CZE00034,,CZPOH_1016,Czechia,River station,OHRE JINDRICHOV,,,ELBE,,,TREND,2010-01-01,,50.10679,12.39661,,,,,,,,,,,
NLD00296,,NL25_790401,Netherlands (the),Lake station,TONNEKREEK COMPLEX,,,RHINE-MEUSE,,-4,TREND,NaT,European Environment Agency,51.6786,4.4924,,,,,,,,,,,
NLD00173,,NL05_20_090,Netherlands (the),River station,AZELERBEEK,,,VECHT,,25,TREND,NaT,European Environment Agency,52.2195,6.7739,,,,,,,,,,,
NLD00297,,NL25_820001,Netherlands (the),Lake station,MARKIEZAATSMEER,,,,,-9999,TREND,NaT,European Environment Agency,51.4739,4.2439,,,,,,,,,,,
CZE00035,,CZPOH_1022,Czechia,River station,ROLAVA RYBÁRE,,,ELBE,,,TREND,2010-01-01,,50.23347,12.84678,,,,,,,,,,,
CZE00032,,CZPOD_1163,Czechia,River station,BOHUMÍN,,,ODER/ODRA,,,TREND,1963-01-01,,49.9203,18.32705,,,,,,,,,,,
NLD00172,,NL05_20_074,Netherlands (the),River station,HAGMOLENBEEK,,,VECHT,,22,TREND,NaT,European Environment Agency,52.216,6.723,,,,,,,,,,,
CZE00033,,CZPOH_1001,Czechia,River station,OHRE TEREZÍN,,,ELBE,,,TREND,2010-01-01,,50.51112,14.156,,,,,,,,,,,
NLD00171,,NL05_20_020,Netherlands (the),River station,POELSBEEK,,,VECHT,,17,TREND,NaT,European Environment Agency,52.1778,6.6121,,,,,,,,,,,
NLD00170,,NL05_20_017,Netherlands (the),River station,HAGMOLENBEEK,,,VECHT,,32,TREND,NaT,European Environment Agency,52.1689,6.8116,,,,,,,,,,,
CZE00038,,CZPOH_1147,Czechia,River station,ODRAVA SLAPANY HRANICE,,,ELBE,,,TREND,2010-01-01,,50.02499,12.36898,,,,,,,,,,,
CZE00039,,CZPOH_15306,Czechia,River station,BÍLÝ POTOK ÚSTÍ,,,ELBE,,,TREND,2010-01-01,,50.54876,13.59964,,,,,,,,,,,
NLD00169,,NL05_16_020,Netherlands (the),River station,GAMMELKERBEEK,,,VECHT,,19,TREND,NaT,European Environment Agency,52.3156,6.8318,,,,,,,,,,,
CZE00036,,CZPOH_1093,Czechia,River station,BÍLINA TRMICE,,,ELBE,,,TREND,2010-01-01,,50.64673,14.0066,,,,,,,,,,,
NLD00168,,NL05_16_019,Netherlands (the),River station,OUDE BORNSCHEBEEK,,,VECHT,,15,TREND,NaT,European Environment Agency,52.312,6.8086,,,,,,,,,,,
CZE00037,,CZPOH_1101,Czechia,River station,OHRE HRANICE,,,ELBE,,,TREND,2010-01-01,,50.09618,12.23939,,,,,,,,,,,
NLD00409,,NL39_KOP1035,Netherlands (the),Lake station,DEN HOEK EN SCHUWACHT,,,RHINE-MEUSE,,-2,TREND,NaT,European Environment Agency,51.928,4.6209,,,,,,,,,,,
NLD00288,,NL13_RO017,Netherlands (the),Lake station,TREKVAARTSYSTEEM,,,,,-1,TREND,NaT,European Environment Agency,52.3136,4.5681,,,,,,,,,,,
NLD00410,,NL43_200090KRW,Netherlands (the),Lake station,APELDOORNS KANAAL,,,VECHT,,7,TREND,NaT,European Environment Agency,52.4429,6.0735,,,,,,,,,,,
NLD00289,,NL15_OW006-003,Netherlands (the),Lake station,BOEZEM WESTLAND,,,RHINE-MEUSE,,0,TREND,NaT,European Environment Agency,51.9595,4.1811,,,,,,,,,,,
NLD00290,,NL25_200001,Netherlands (the),River station,MARK EN VLIET,,,RHINE-MEUSE,,-1,TREND,NaT,European Environment Agency,51.6451,4.3914,,,,,,,,,,,
NLD00411,,NL43_221010KRW,Netherlands (the),Lake station,OUDE IJSSEL,,,VECHT,,6,TREND,NaT,European Environment Agency,52.1548,6.1422,,,,,,,,,,,
NLD00291,,NL25_203607,Netherlands (the),Lake station,MOLENKREEK COMPLEX,,,,,-2,TREND,NaT,European Environment Agency,51.6125,4.3824,,,,,,,,,,,
NLD00412,,NL43_222010KRW,Netherlands (the),River station,VOORSTERBEEK,,,VECHT,,13,TREND,NaT,European Environment Agency,52.1786,6.1397,,,,,,,,,,,
NLD00292,,NL25_310201,Netherlands (the),Lake station,LIGNE,,,,,-1,TREND,NaT,European Environment Agency,51.5784,4.3019,,,,,,,,,,,
NLD00413,,NL43_232020KRW,Netherlands (the),Lake station,WETERINGEN,,,VECHT,,1,TREND,NaT,European Environment Agency,52.4377,6.0905,,,,,,,,,,,
NLD00293,,NL25_390111,Netherlands (the),Lake station,CRUIJSLANDSE KREKEN,,,,,-2,TREND,NaT,European Environment Agency,51.5733,4.3829,,,,,,,,,,,
NLD00177,,NL05_32_200,Netherlands (the),River station,PUNTBEEK,,,VECHT,,31,TREND,NaT,European Environment Agency,52.3419,7.0551,,,,,,,,,,,
NLD00414,,NL43_240720KRW,Netherlands (the),Lake station,WATERGANGEN OOSTERWOLDE,,,VECHT,,0,TREND,NaT,European Environment Agency,52.516,5.8755,,,,,,,,,,,
NLD00415,,NL43_289775KRW,Netherlands (the),River station,EEM,,,,,-1,TREND,NaT,European Environment Agency,52.2546,5.3279,,,,,,,,,,,
NLD00294,,NL25_690505,Netherlands (the),Lake station,GAT VAN DEN HAM,,,RHINE-MEUSE,,0,TREND,NaT,European Environment Agency,51.7191,4.7422,,,,,,,,,,,
NLD00176,,NL05_21_001,Netherlands (the),Lake station,VEENELEIDING,,,VECHT,,14,TREND,NaT,European Environment Agency,52.3653,6.779,,,,,,,,,,,
NLD00175,,NL05_20_401,Netherlands (the),River station,AZELERBEEK,,,VECHT,,25,TREND,NaT,European Environment Agency,52.2041,6.7925,,,,,,,,,,,
NLD00416,,NL43_289776KRW,Netherlands (the),Lake station,HAARSE WETERING,,,,,-1,TREND,NaT,European Environment Agency,52.2249,5.3281,,,,,,,,,,,
NLD00295,,NL25_710202,Netherlands (the),Lake station,ROODE VAART,,,RHINE-MEUSE,,2,TREND,NaT,European Environment Agency,51.6765,4.6179,,,,,,,,,,,
NLD00408,,NL39_KOP0801,Netherlands (the),Lake station,BERGAMBACHT,,,RHINE-MEUSE,,0,TREND,NaT,European Environment Agency,51.9074,4.7432,,,,,,,,,,,
CZE00045,,CZPVL_1094,Czechia,River station,BEROUN,,,ELBE,,,IMPACT,1963-01-01,,49.96012,14.075,,,,,,,,,,,
NLD00163,,NL05_07_301,Netherlands (the),River station,LINDERBEEK,,,VECHT,,5,TREND,NaT,European Environment Agency,52.4535,6.4865,,,,,,,,,,,
NLD00406,,NL39_KOP0427,Netherlands (the),Lake station,STOLWIJK,,,RHINE-MEUSE,,2,TREND,NaT,European Environment Agency,51.9836,4.673,,,,,,,,,,,
NLD00285,,NL12_BDV044,Netherlands (the),Lake station,WATERRIJK  T TWISKE,,,,,-1,TREND,NaT,European Environment Agency,52.4537,4.8892,,,,,,,,,,,
NLD00162,,NL05_06_304,Netherlands (the),River station,GEESTERSCHE MOLENBEEK,,,VECHT,,19,TREND,NaT,European Environment Agency,52.4366,6.7519,,,,,,,,,,,
CZE00046,,CZPVL_1096,Czechia,River station,KRALUPY N.VLTAVOU,,,ELBE,,,IMPACT,1963-01-01,,50.23951,14.30422,,,,,,,,,,,
NLD00407,,NL39_KOP0478,Netherlands (the),Lake station,SLOTEN WATERRIJK BERKENWOUDE,,,RHINE-MEUSE,,-2,TREND,NaT,European Environment Agency,51.9415,4.7028,,,,,,,,,,,
NLD00286,,NL12_BDV048,Netherlands (the),Lake station,WATERDELEN DUINGEBIED TEXEL,,,,,1,TREND,NaT,European Environment Agency,53.0022,4.7456,,,,,,,,,,,
NLD00161,,NL05_06_024,Netherlands (the),River station,BROEKBEEK,,,VECHT,,15,TREND,NaT,European Environment Agency,52.4463,6.7448,,,,,,,,,,,
CZE00043,,CZPVL_1070,Czechia,River station,STRÍBRO POD,,,ELBE,,,TREND,1967-01-01,,49.75222,13.00851,,,,,,,,,,,
NLD00287,,NL12_STHW25,Netherlands (the),Lake station,WATERRIJK HEERHUGOWAARD STAD VAN DE ZON,,,,,-3,TREND,NaT,European Environment Agency,52.6475,4.7987,,,,,,,,,,,
CZE00044,,CZPVL_1081,Czechia,River station,DRNOVÝ POTOK-KLATOVY POD,,,ELBE,,,IMPACT,1966-01-01,,49.41206,13.26565,,,,,,,,,,,
NLD00160,,NL05_06_020,Netherlands (the),River station,ITTERBEEK,,,VECHT,,16,TREND,NaT,European Environment Agency,52.4601,6.7331,,,,,,,,,,,
CZE00049,,CZPVL_3923,Czechia,River station,POREŠÍN,,,ELBE,,,TREND,1993-01-01,,48.78257,14.51966,,,,,,,,,,,
NLD00159,,NL05_06_011,Netherlands (the),Lake station,VEENELEIDING,,,VECHT,,13,TREND,NaT,European Environment Agency,52.4426,6.6608,,,,,,,,,,,
NLD00158,,NL05_03_022,Netherlands (the),River station,BOVEN REGGE,,,VECHT,,11,TREND,NaT,European Environment Agency,52.2231,6.5652,,,,,,,,,,,
CZE00047,,CZPVL_3114,Czechia,River station,RADBUZA-DOBRANY POD (ŠLOVICE),,,ELBE,,,TREND,1985-01-01,,49.67596,13.31449,,,,,,,,,,,
NLD00398,,NL39_00144,Netherlands (the),Lake station,EENDRAGTSPOLDER ROEIBAAN,,,RHINE-MEUSE,,-7,TREND,NaT,European Environment Agency,52.0036,4.5641,,,,,,,,,,,
NLD00399,,NL39_00201,Netherlands (the),Lake station,BINNENWEGSE POLDER,,,RHINE-MEUSE,,-5,TREND,NaT,European Environment Agency,52.0452,4.5614,,,,,,,,,,,
NLD00278,,NL12_675114,Netherlands (the),Lake station,WATERDELEN POLDER VIER NOORDER KOGGEN  3 70,,,,,-1,TREND,NaT,European Environment Agency,52.7377,5.1446,,,,,,,,,,,
NLD00279,,NL12_675120,Netherlands (the),Lake station,WATERDELEN POLDER VIER NOORDER KOGGEN  3 70,,,,,-3,TREND,NaT,European Environment Agency,52.7223,5.1394,,,,,,,,,,,
NLD00400,,NL39_00609,Netherlands (the),Lake station,ZUIDPLASPOLDER NOORD,,,RHINE-MEUSE,,-4,TREND,NaT,European Environment Agency,52.0241,4.6647,,,,,,,,,,,
NLD00401,,NL39_00708,Netherlands (the),Lake station,T WEEGJE,,,RHINE-MEUSE,,-2,TREND,NaT,European Environment Agency,52.0158,4.6679,,,,,,,,,,,
NLD00280,,NL12_770104,Netherlands (the),Lake station,WATERDELEN WIERINGERMEER WEST,,,,,0,TREND,NaT,European Environment Agency,52.9209,5.038,,,,,,,,,,,
NLD00167,,NL05_16_005,Netherlands (the),River station,OUDE BORNSCHEBEEK,,,VECHT,,15,TREND,NaT,European Environment Agency,52.311,6.7646,,,,,,,,,,,
NLD00402,,NL39_00801,Netherlands (the),Lake station,POLDER PRINS ALEXANDER,,,RHINE-MEUSE,,-3,TREND,NaT,European Environment Agency,51.9498,4.6017,,,,,,,,,,,
NLD00281,,NL12_770202,Netherlands (the),Lake station,WATERDELEN WIERINGERMEER WEST,,,,,-4,TREND,NaT,European Environment Agency,52.8329,4.9747,,,,,,,,,,,
NLD00166,,NL05_15_401,Netherlands (the),River station,BORNSEBEEK,,,VECHT,,14,TREND,NaT,European Environment Agency,52.31,6.7466,,,,,,,,,,,
NLD00403,,NL39_01201,Netherlands (the),Lake station,POLDER BLEISWIJK,,,RHINE-MEUSE,,-3,TREND,NaT,European Environment Agency,51.9887,4.546,,,,,,,,,,,
NLD00282,,NL12_770305,Netherlands (the),Lake station,WATERDELEN WIERINGERMEER OOST,,,,,-4,TREND,NaT,European Environment Agency,52.9,5.0369,,,,,,,,,,,
NLD00165,,NL05_15_016,Netherlands (the),River station,BORNSEBEEK,,,VECHT,,14,TREND,NaT,European Environment Agency,52.2839,6.7566,,,,,,,,,,,
NLD00404,,NL39_KOP0109,Netherlands (the),Lake station,KRIMPEN AAN DEN IJSSEL,,,RHINE-MEUSE,,0,TREND,NaT,European Environment Agency,51.9232,4.6213,,,,,,,,,,,
NLD00283,,NL12_802004,Netherlands (the),Lake station,WATERDELEN GEMEENSCHAPPELIJKE POLDERS,,,,,-1,TREND,NaT,European Environment Agency,53.0651,4.8632,,,,,,,,,,,
NLD00405,,NL39_KOP0222,Netherlands (the),Lake station,KROMME  GEER EN ZIJDE,,,RHINE-MEUSE,,-3,TREND,NaT,European Environment Agency,51.9167,4.6611,,,,,,,,,,,
NLD00164,,NL05_09_015,Netherlands (the),River station,MARKGRAVEN,,,VECHT,,16,TREND,NaT,European Environment Agency,52.4062,6.7446,,,,,,,,,,,
NLD00284,,NL12_804006,Netherlands (the),Lake station,WATERDELEN POLDER EIJERLAND,,,,,0,TREND,NaT,European Environment Agency,53.1471,4.8616,,,,,,,,,,,
CZE00041,,CZPVL_1042,Czechia,River station,HLUBOKÁ N.VLTAVOU,,,ELBE,,,TREND,1963-01-01,,49.04847,14.44598,,,,,,,,,,,
CZE00040,,CZPOH_15373,Czechia,River station,CHOMUTOVKA NEZABYLICE,,,ELBE,,,TREND,2010-01-01,,50.42464,13.47923,,,,,,,,,,,
NLD00196,,NL07_ELB01,Netherlands (the),River station,NIEUWE WATERLEIDING,,,VECHT,,15,TREND,NaT,European Environment Agency,52.182,6.5845,,,,,,,,,,,
NLD00195,,NL07_DOO01,Netherlands (the),Lake station,DORTHERBEEK OOST,,,VECHT,,10,TREND,NaT,European Environment Agency,52.2437,6.3551,,,,,,,,,,,
NLD00194,,NL07_DOB01,Netherlands (the),Lake station,DORTHERBEEK,,,VECHT,,7,TREND,NaT,European Environment Agency,52.2352,6.2028,,,,,,,,,,,
NLD00193,,NL07_DMB01,Netherlands (the),River station,DOMMERBEEK,,,VECHT,,7,TREND,NaT,European Environment Agency,52.21,6.1969,,,,,,,,,,,
NLD00192,,NL07_DIW02,Netherlands (the),Lake station,DIDAMSE WETERING,,,VECHT,,8,TREND,NaT,European Environment Agency,51.9911,6.1577,,,,,,,,,,,
NLD00191,,NL07_BUB01,Netherlands (the),River station,BUURSERBEEK,,,VECHT,,38,TREND,NaT,European Environment Agency,52.1394,6.8501,,,,,,,,,,,
NLD00190,,NL07_BSB01,Netherlands (the),River station,BERGERSLAGBEEK,,,VECHT,,13,TREND,NaT,European Environment Agency,51.901,6.3897,,,,,,,,,,,
NLD00189,,NL07_BHB02,Netherlands (the),River station,BIELHEIMERBEEK,,,VECHT,,11,TREND,NaT,European Environment Agency,51.9351,6.3208,,,,,,,,,,,
JPN00017,080017,,Japan,River station,Ishikari River - at Ishikari,1.2 km northwest of Ebetsu,,ISHIKARI,12697,0.6,FLUX,1970-09-01,National Institute for Environmental Studies - Center for Global Environment Research,43.12111111,141.5463889,360,388,,,,,,,,,
NLD00310,,NL27_240113,Netherlands (the),River station,NIEUWE LEIJ EN POP L EN ROV L EN VOORSTE STROOM,,,RHINE-MEUSE,,21,TREND,NaT,European Environment Agency,51.4872,5.0332,,,,,,,,,,,
NLD00311,,NL27_240116,Netherlands (the),River station,NIEUWE LEIJ EN POP L EN ROV L EN VOORSTE STROOM,,,RHINE-MEUSE,,12,TREND,NaT,European Environment Agency,51.5485,5.113,,,,,,,,,,,
NLD00312,,NL27_240129,Netherlands (the),Lake station,BROEKLEIJ,,,RHINE-MEUSE,,10,TREND,NaT,European Environment Agency,51.6561,5.254,,,,,,,,,,,
NLD00313,,NL27_244151,Netherlands (the),Lake station,BEATRIXKANAAL,,,RHINE-MEUSE,,22,TREND,NaT,European Environment Agency,51.4605,5.3979,,,,,,,,,,,
NLD00314,,NL27_244171,Netherlands (the),Lake station,EINDHOVENS KANAAL,,,RHINE-MEUSE,,20,TREND,NaT,European Environment Agency,51.4317,5.5409,,,,,,,,,,,
NLD00315,,NL27_245565,Netherlands (the),Lake station,BEEKSE BERGEN,,,RHINE-MEUSE,,14,TREND,NaT,European Environment Agency,51.5261,5.1256,,,,,,,,,,,
NLD00316,,NL33_1103,Netherlands (the),River station,WESTERWOLDSE AA NOORD,,,EMS,,-1,TREND,NaT,European Environment Agency,53.2319,7.2076,,,,,,,,,,,
NLD00197,,NL07_GRB02,Netherlands (the),River station,GROTE BEEK,,,VECHT,,5,TREND,NaT,European Environment Agency,52.0702,6.1769,,,,,,,,,,,
NLD00317,,NL33_1104,Netherlands (the),Lake station,KANALEN WESTERWOLDE,,,EMS,,1,TREND,NaT,European Environment Agency,53.057,7.1264,,,,,,,,,,,
NLD00308,,NL27_240091,Netherlands (the),River station,ROSEP,,,RHINE-MEUSE,,6,TREND,NaT,European Environment Agency,51.588,5.2441,,,,,,,,,,,
NLD00309,,NL27_240105,Netherlands (the),River station,REUSEL EN RAAMSLOOP EN ACHTERSTE STROOM,,,RHINE-MEUSE,,12,TREND,NaT,European Environment Agency,51.568,5.1947,,,,,,,,,,,
NLD00188,,NL07_BAV00,Netherlands (the),Lake station,BARCHEMSE VEENGOOT,,,VECHT,,16,TREND,NaT,European Environment Agency,52.1499,6.3949,,,,,,,,,,,
NLD00307,,NL27_240063,Netherlands (the),River station,EKKERSRIJT,,,RHINE-MEUSE,,16,TREND,NaT,European Environment Agency,51.508,5.4917,,,,,,,,,,,
NLD00185,,NL07_AAS00,Netherlands (the),River station,OUDE IJSSEL,,,VECHT,,17,TREND,NaT,European Environment Agency,51.8538,6.4726,,,,,,,,,,,
CZE00023,,CZPMO_1181,Czechia,River station,VRANOVICE,,,DANUBE,,,TREND,2007-01-01,,48.95026,16.61824,,,,,,,,,,,
CZE00024,,CZPMO_1188,Czechia,River station,IVAN,,,DANUBE,,,TREND,2007-01-01,,48.9278,16.57244,,,,,,,,,,,
NLD00184,,NL05_40_220,Netherlands (the),River station,MIDDEN DINKEL,,,VECHT,,30,TREND,NaT,European Environment Agency,52.2849,7.0258,,,,,,,,,,,
CZE00021,,CZPLA_8,Czechia,River station,CESTICE,,,ELBE,,,TREND,1967-01-02,,50.12206,16.14651,,,,,,,,,,,
NLD00183,,NL05_40_035,Netherlands (the),River station,MIDDEN DINKEL,,,VECHT,,30,TREND,NaT,European Environment Agency,52.3282,7.0332,,,,,,,,,,,
CZE00022,,CZPMO_1134,Czechia,River station,BLATEC,,,DANUBE,,,TREND,2007-01-01,,49.52985,17.27042,,,,,,,,,,,
NLD00182,,NL05_40_009,Netherlands (the),River station,GLANERBEEK,,,VECHT,,40,TREND,NaT,European Environment Agency,52.2159,6.9797,,,,,,,,,,,
NLD00181,,NL05_39_002,Netherlands (the),River station,MIDDEN DINKEL,,,VECHT,,33,TREND,NaT,European Environment Agency,52.3514,7.0183,,,,,,,,,,,
NLD00180,,NL05_38_001,Netherlands (the),River station,MIDDEN DINKEL,,,VECHT,,26,TREND,NaT,European Environment Agency,52.3793,6.9699,,,,,,,,,,,
CZE00028,,CZPMO_3670,Czechia,River station,TROUBKY,,,DANUBE,,,TREND,2007-01-01,,49.42821,17.32849,,,,,,,,,,,
NLD00179,,NL05_36_200,Netherlands (the),River station,GEELEBEEK,,,VECHT,,24,TREND,NaT,European Environment Agency,52.3962,7.0571,,,,,,,,,,,
NLD00178,,NL05_36_004,Netherlands (the),River station,GEELEBEEK,,,VECHT,,20,TREND,NaT,European Environment Agency,52.4159,7.0069,,,,,,,,,,,
CZE00026,,CZPMO_1205,Czechia,River station,PODHRADÍ,,,DANUBE,,,TREND,2007-01-01,,48.90346,15.69087,,,,,,,,,,,
NLD00420,,NL60_ORODE800,Netherlands (the),River station,RODE BEEK BRUNSSUM,,,RHINE-MEUSE,,38,TREND,NaT,European Environment Agency,51.0236,5.8758,,,,,,,,,,,
NLD00299,,NL25_910123,Netherlands (the),Lake station,VENNEN GROOTE MEER,,,,,29,TREND,NaT,European Environment Agency,51.4035,4.377,,,,,,,,,,,
NLD00421,,NL60_OSWAL900,Netherlands (the),River station,SWALM,,,RHINE-MEUSE,,19,TREND,NaT,European Environment Agency,51.2476,6.0253,,,,,,,,,,,
NLD00300,,NL27_240014,Netherlands (the),River station,TONGELREEP,,,RHINE-MEUSE,,26,TREND,NaT,European Environment Agency,51.3029,5.4862,,,,,,,,,,,
NLD00422,,NL60_OUFFE050,Netherlands (the),River station,HAELENSE BEEK EN UFFELSEBEEK,,,RHINE-MEUSE,,30,TREND,NaT,European Environment Agency,51.1699,5.77,,,,,,,,,,,
NLD00301,,NL27_240016,Netherlands (the),Lake station,HOOIDONKSCHE BEEK,,,RHINE-MEUSE,,13,TREND,NaT,European Environment Agency,51.4995,5.5128,,,,,,,,,,,
CZE00029,,CZPMO_DPPDY022,Czechia,River station,JEVIŠOVKA NAD,,,DANUBE,,,TREND,2008-01-01,,48.81925,16.469,,,,,,,,,,,
NLD00302,,NL27_240025,Netherlands (the),River station,MIDDEN  EN BENEDEN DOMMEL,,,RHINE-MEUSE,,2,TREND,NaT,European Environment Agency,51.6685,5.3006,,,,,,,,,,,
NLD00423,,NL60_OVLOO600,Netherlands (the),River station,VLOOTBEEK BOVENLOOP,,,RHINE-MEUSE,,26,TREND,NaT,European Environment Agency,51.1221,5.9414,,,,,,,,,,,
NLD00424,,NL89_ANTWKNPD2,Netherlands (the),Lake station,ANTWERPS KANAALPAND,,,,,2,TREND,NaT,European Environment Agency,51.3878,4.2458,,,,,,,,,,,
NLD00303,,NL27_240028,Netherlands (the),Lake station,BEEKSCHE WATERLOOP,,,RHINE-MEUSE,,5,TREND,NaT,European Environment Agency,51.6355,5.3573,,,,,,,,,,,
NLD00425,,NL89_GREVLGMR106,Netherlands (the),Lake station,GREVELINGENMEER,,,,,-9999,TREND,NaT,European Environment Agency,51.7635,3.9716,,,,,,,,,,,
NLD00304,,NL27_240036,Netherlands (the),River station,KEERSOP EN BEEKLOOP,,,RHINE-MEUSE,,23,TREND,NaT,European Environment Agency,51.3633,5.4201,,,,,,,,,,,
NLD00187,,NL07_BAB05,Netherlands (the),River station,BAAKSE BEEK BOVENSTROOMS,,,VECHT,,18,TREND,NaT,European Environment Agency,52.0564,6.4531,,,,,,,,,,,
NLD00305,,NL27_240057,Netherlands (the),River station,GROOTE AA EN BUULDER AA,,,RHINE-MEUSE,,22,TREND,NaT,European Environment Agency,51.3744,5.5806,,,,,,,,,,,
NLD00426,,NL89_VEERSMR01,Netherlands (the),Lake station,VEERSE MEER,,,,,0,TREND,NaT,European Environment Agency,51.551,3.7696,,,,,,,,,,,
NLD00186,,NL07_BAB01,Netherlands (the),River station,BAAKSE BEEK BOVENSTROOMS,,,VECHT,,17,TREND,NaT,European Environment Agency,52.021,6.5111,,,,,,,,,,,
NLD00306,,NL27_240060,Netherlands (the),River station,GENDER,,,RHINE-MEUSE,,22,TREND,NaT,European Environment Agency,51.3966,5.3851,,,,,,,,,,,
NLD00427,,NL93_ENSDVTS,Netherlands (the),Lake station,TWENTHEKANALEN,,,VECHT,,27,TREND,NaT,European Environment Agency,52.237,6.8335,,,,,,,,,,,
NLD00418,,NL60_OGULP105,Netherlands (the),River station,GULP,,,RHINE-MEUSE,,146,TREND,NaT,European Environment Agency,50.7698,5.8628,,,,,,,,,,,
NLD00298,,NL25_830002,Netherlands (the),Lake station,BINNENSCHELDE,,,,,0,TREND,NaT,European Environment Agency,51.4867,4.266,,,,,,,,,,,
NLD00419,,NL60_OPUTB900,Netherlands (the),River station,PUTBEEK EN PEPINUSBEEK,,,RHINE-MEUSE,,27,TREND,NaT,European Environment Agency,51.1134,5.945,,,,,,,,,,,
CZE00020,,CZPLA_6,Czechia,River station,JAROMER,,,ELBE,,,TREND,1967-01-12,,50.34138,15.92599,,,,,,,,,,,
